title,url,tag,date,snippet
"Accroître l'efficacité des mécanismes de règlement des différends – Examen par les pairs simplifié, Mauritanie (Phase 1) : Cadre inclusif sur le BEPS : Action 14",https://www.oecd.org/fr/publications/accroitre-l-efficacite-des-mecanismes-de-reglement-des-differends-examen-par-les-pairs-simplifie-mauritanie-phase-1_17b90904-fr.html,Report,26 June 2025,"Dans le cadre de l'action 14 de BEPS, les membres du cadre inclusif OCDE/G20 se sont engagés à mettre en œuvre une norme a minima pour renforcer l'efficacité et l'efficience de la procédure amiable (PA), qui permet de résoudre les différends relatifs à l'interprétation des conventions fiscales. La PA est incluse dans l'article 25 du Modèle de..."
"Making Dispute Resolution More Effective – Simplified Peer Review, Mauritania (Stage 1): Inclusive Framework on BEPS: Action 14",https://www.oecd.org/en/publications/making-dispute-resolution-more-effective-simplified-peer-review-mauritania-stage-1_83a7a929-en.html,Report,26 June 2025,"Under BEPS Action 14, OECD/G20 Inclusive Framework members committed to implementing a minimum standard to strengthen the effectiveness and efficiency of the mutual agreement procedure (MAP), which helps resolve disputes over tax treaty interpretations. The MAP is included in Article 25 of the OECD Model Tax Convention and commits countries to..."
Routes et conflits en Afrique du Nord et de l'Ouest,https://www.oecd.org/fr/publications/routes-et-conflits-en-afrique-du-nord-et-de-l-ouest_2cbd2750-fr.html,Report,11 April 2025,"Ce rapport explore la relation entre les systèmes de transport et les dynamiques de conflit en Afrique du Nord et de l'Ouest sur 24 ans. Routes, chemins de fer et ports sont indispensables pour le développement économique et la circulation des biens et des personnes qui forment un des socles de la construction régionale. De part ce rôle, ils..."
Roads and Conflicts in North and West Africa,https://www.oecd.org/en/publications/roads-and-conflicts-in-north-and-west-africa_77474489-en.html,Report,14 February 2025,"This report explores the relationship between transport systems and conflict dynamics in North and West Africa over 24 years. Roads, railways, and ports are essential for economic development and the movement of goods and people, forming one of the cornerstones of regional integration. Because of this role, they are also frequent targets of attack..."
Mauritania,https://www.oecd.org/en/search.html?orderBy=mostRelevant&page=0&facetTags=oecd-countries:mrt,Document OECD,26 June 2024,OECD Countries Mauritania Mauritania Mauritania Key links Title of the publication you wish to link to (1) Title of the publication you wish to link to (2) Available in: English English français Select a language Close English français Apply Cancel Share Facebook .cls-1 { fill: #586179; stroke-width: 0px; }...
Mauritanie,https://www.oecd.org/fr/search.html?orderBy=mostRelevant&page=0&facetTags=oecd-countries:mrt,Document OECD,26 June 2024,OCDE Pays Mauritanie Mauritanie Mauritanie Key links Title of the publication you wish to link to (1) Title of the publication you wish to link to (2) Disponible en: français English français Sélectionner une langue Fermer English français Appliquer Annuler Partagez Facebook .cls-1 { fill: #586179;...
Renewable Energy Opportunities for Mauritania,https://www.oecd.org/en/publications/renewable-energy-opportunities-for-mauritania_eee65d54-en.html,Report,22 November 2023,Mauritania has high-quality wind and solar resources whose large-scale development could have catalytic effects in supporting the country to deliver universal electricity access to its citizens and achieve its vision for sustainable economic development.Renewables deployment would benefit mining – the largest industry in the country – which is...
"Forum mondial sur la transparence et l'échange de renseignements à des fins fiscales : Mauritanie 2023 (Deuxième cycle, Phase 1) : Rapport d'examen par les pairs sur l'échange de renseignements sur demande",https://www.oecd.org/fr/publications/forum-mondial-sur-la-transparence-et-l-echange-de-renseignements-a-des-fins-fiscales-mauritanie-2023-deuxieme-cycle-phase-1_facc7860-fr.html,Report,8 November 2023,"Ce rapport d'évaluation par les pairs analyse la mise en œuvre de la norme de transparence et d'échange de renseignements sur demande en Mauritanie, dans le cadre du deuxième cycle d'examens menés par le Forum mondial sur la transparence et l'échange de renseignements à des fins fiscales depuis 2016."
"Global Forum on Transparency and Exchange of Information for Tax Purposes: Mauritania 2023 (Second Round, Phase 1): Peer Review Report on the Exchange of Information on Request",https://www.oecd.org/en/publications/global-forum-on-transparency-and-exchange-of-information-for-tax-purposes-mauritania-2023-second-round-phase-1_951c320f-en.html,Report,8 November 2023,"This peer review report analyses the implementation of the standard of transparency and exchange of information on request in Mauritania, as part of the second round of reviews conducted by the Global Forum on Transparency and Exchange of Information for Tax Purposes since 2016."
Youth at the Centre of Government Action: A Review of the Middle East and North Africa,https://www.oecd.org/en/publications/youth-at-the-centre-of-government-action_bcc2dd08-en.html,Report,23 June 2022,"Young people have demonstrated resilience to shocks and led positive change in their communities across the Middle East and North Africa (MENA) region. Young people (aged under 30) constitute more than half (55%) of the population across MENA, compared with 36% of the population across OECD countries."
A reference series for countries in the global database,https://data-explorer.oecd.org/vis?lc=en&df[ds]=dsDisseminateFinalDMZ&df[id]=DSD_REF_GLOBAL@DF_REFSERIES_GLOBAL&df[ag]=OECD.CTP.TPS,Dataset,8 July 2025,"The reference series include data for the gross domestic product for tax reporting years at market prices in national currency; in US dollars; and exchange rates in national currency per US dollar. The dataset combines data which are used for calculating indictors presented in the annual publications Revenue Statistics OECD, Revenue Statistics in..."
Séries de référence des statistiques des recettes publiques mondiales,https://data-explorer.oecd.org/vis?lc=fr&df[ds]=dsDisseminateFinalDMZ&df[id]=DSD_REF_GLOBAL@DF_REFSERIES_GLOBAL&df[ag]=OECD.CTP.TPS,Dataset,8 July 2025,Les séries de référence comprennent des données sur le produit intérieur brut pour les années de déclaration fiscale aux prix du marché en monnaie nationale ; en dollars américains ; et les taux de change en monnaie nationale par dollar américain. L'ensemble de données combine des données provenant des publications annuelles qui sont utilisées...
A comparative table of countries in the global database,https://data-explorer.oecd.org/vis?lc=en&df[ds]=dsDisseminateFinalDMZ&df[id]=DSD_REV_COMP_GLOBAL@DF_RSGLOBAL&df[ag]=OECD.CTP.TPS,Dataset,8 July 2025,"Detailed, internationally comparable data on the level and structure of tax revenues for more than 130 economies are available from 1990 onwards. The dataset combines data from the annual publications Revenue Statistics OECD, Revenue Statistics in Latin America and the Caribbean, Revenue Statistics in Africa and Revenue Statistics in Asia and the..."
Tableaux comparatifs des statistiques des recettes publiques mondiales,https://data-explorer.oecd.org/vis?lc=fr&df[ds]=dsDisseminateFinalDMZ&df[id]=DSD_REV_COMP_GLOBAL@DF_RSGLOBAL&df[ag]=OECD.CTP.TPS,Dataset,8 July 2025,"Des données détaillées et comparables au niveau international sur le niveau et la structure des recettes fiscales de plus de 130 économies sont disponibles depuis 1990. L'ensemble de données combine des données provenant des publications annuelles Statistiques des recettes publiques , , Statistiques des recettes publiques en Afriqueand..."
A reference series for Revenue Statistics in Africa,https://data-explorer.oecd.org/vis?lc=en&df[ds]=dsDisseminateFinalDMZ&df[id]=DSD_REF_AFRICA@DF_REFSERIES_AFRICA&df[ag]=OECD.CTP.TPS,Dataset,8 July 2025,"The reference series include data for the gross domestic product for tax reporting years at market prices in national currency; in US dollars; and exchange rates in national currency per US dollar. These are used for calculating indicators presented in the latest Revenue Statistics in Africa publication. The data are extracted from OECD, national..."
Séries de référence sur les statistiques des recettes publiques en Afrique,https://data-explorer.oecd.org/vis?lc=fr&df[ds]=dsDisseminateFinalDMZ&df[id]=DSD_REF_AFRICA@DF_REFSERIES_AFRICA&df[ag]=OECD.CTP.TPS,Dataset,8 July 2025,Les séries de référence comprennent des données sur le produit intérieur brut pour les années de déclaration fiscale aux prix du marché en monnaie nationale ; en dollars américains ; et les taux de change en monnaie nationale par dollar américain. Elles sont utilisées pour calculer les indicateurs présentés dans la dernière publication...
A comparative table of tax and non-tax revenues for Revenue Statistics in Africa,https://data-explorer.oecd.org/vis?lc=en&df[ds]=dsDisseminateFinalDMZ&df[id]=DSD_REV_COMP_AFRICA@DF_RSAFRICA&df[ag]=OECD.CTP.TPS,Dataset,17 June 2025,"Detailed, internationally comparable data on the level and structure of tax revenues and non-tax revenues are presented for 36 African countries from 1990 onwards. The classification approach is based on the well-established methodology of OECD Revenue Statistics, which is set out in the internationally recognised Interpretative Guides for tax..."
Tableaux comparatifs des Statistiques des recettes publiques en Afrique,https://data-explorer.oecd.org/vis?lc=fr&df[ds]=dsDisseminateFinalDMZ&df[id]=DSD_REV_COMP_AFRICA@DF_RSAFRICA&df[ag]=OECD.CTP.TPS,Dataset,17 June 2025,Des données détaillées et comparables au niveau international sur le niveau et la structure des recettes fiscales et non fiscales sont présentées pour 36 pays africains à partir de 1990 dans Statistiques des recettes publiques en Afrique. L'approche de la classification est basée sur la méthodologie bien établie des statistiques de recettes de...
Mauritania - tax and non-tax revenues,https://data-explorer.oecd.org/vis?lc=en&df[ds]=dsDisseminateFinalDMZ&df[id]=DSD_REV_AFRICA@DF_REVMRT&df[ag]=OECD.CTP.TPS,Dataset,30 May 2025,Mauritania's tax and non-tax revenues are presented in national currency from 2007 and are available by level of government. Tax and non-tax revenues are classified according to the well-established methodology of the OECD Revenue Statistics set out in the Interpretative Guide for tax revenues and non-tax revenues. The OECD classification enables...
Mauritanie - recettes fiscales et non fiscales,https://data-explorer.oecd.org/vis?lc=fr&df[ds]=dsDisseminateFinalDMZ&df[id]=DSD_REV_AFRICA@DF_REVMRT&df[ag]=OECD.CTP.TPS,Dataset,30 May 2025,"Les recettes fiscales et non fiscales de la Mauritanie sont présentées en monnaie nationale à partir de 2007. Les recettes fiscales et non fiscales sont classées selon la méthodologie bien établie des statistiques de recettes de l'OCDE, exposée dans le Guide interprétatif pour les recettes fiscales et recettes non fiscales. La classification de..."
Economie durable de l'océan,https://data-explorer.oecd.org/vis?lc=fr&df[ds]=dsDisseminateFinalDMZ&df[id]=DSD_SOE@DF_SOE&df[ag]=OECD.ENV.EPI,Dataset,14 May 2025,
Sustainable Ocean Economy,https://data-explorer.oecd.org/vis?lc=en&df[ds]=dsDisseminateFinalDMZ&df[id]=DSD_SOE@DF_SOE&df[ag]=OECD.ENV.EPI,Dataset,14 May 2025,"The ocean is a shared global resource. Ocean-related industries in many countries have expanded with insufficient consideration for the environment, risking natural resources and essential marine ecosystem services that underpin economies and human well-being. The OECD Sustainable Ocean Economy Database synthesises ocean-related datasets, covering..."
Croissance verte,https://data-explorer.oecd.org/vis?lc=fr&df[ds]=dsDisseminateFinalDMZ&df[id]=DSD_GG@DF_GREEN_GROWTH&df[ag]=OECD.ENV.EPI,Dataset,13 May 2025,La base de données de l'OCDE sur la croissance verte contient des indicateurs sélectionnés pour suivre les progrès vers la croissance verte afin de soutenir l'élaboration des politiques et d'informer le grand public. Les indicateurs ont été structurés autour de quatre groupes afin...
Green Growth,https://data-explorer.oecd.org/vis?lc=en&df[ds]=dsDisseminateFinalDMZ&df[id]=DSD_GG@DF_GREEN_GROWTH&df[ag]=OECD.ENV.EPI,Dataset,13 May 2025,The OECD Green Growth database contains selected indicators for monitoring progress towards green growth to support policy making and inform the public at large. The indicators have been structured around four groups to capture the main features of green growth: Environmental and resource productivity: indicate whether economic growth is becoming...
Bilateral Trade in goods by end-use,https://data-explorer.oecd.org/vis?lc=en&df[ds]=StiDisseminateFinalDMZ&df[id]=DSD_BTIGE@DF_BTIGE&df[ag]=OECD.STI.PIE,Dataset,13 May 2025,"The Bilateral Trade in goods by end-use (BTiGE) database (web page) highlights international flows of intermediate and final goods. BTiGE (previously BTDIxE) is derived from United Nations (UN) Comtrade + annual trade statistics, based on detailed Harmonised System (HS) product classifications. BTiGE database was designed to include balanced trade..."
Échanges bilatéraux de biens selon leur utilisation finale,https://data-explorer.oecd.org/vis?lc=fr&df[ds]=StiDisseminateFinalDMZ&df[id]=DSD_BTIGE@DF_BTIGE&df[ag]=OECD.STI.PIE,Dataset,13 May 2025,"La base de donnés sur les échanges bilatéraux des biens selon leur utilisation finale (BTiGE) (page web) met en valeur les flux internationaux de biens intermédiaires et finals. BTiGE (autrefois BTDIxE) s'appuie sur les données des échanges par produits de la base Comtrade + des Nations Unies, rapportées en différentes versions du Système..."
Bibliometric indicators of international collaboration,https://data-explorer.oecd.org/vis?lc=en&df[ds]=dsDisseminateFinalDMZ&df[id]=DSD_BIBLIO@DF_BIBLIO_COLLAB&df[ag]=OECD.STI.STP,Dataset,9 May 2025,"This dataset presents trends in international collaboration calculated using Elsevier's Scopus Custom Data, Elsevier, Version 1.2025.International collaboration refers to publications co-authored among institutions in different countries. Estimates are computed for each country by counting documents for which the set of listed affiliations..."
Indicateurs bibliométriques de la collaboration internationale,https://data-explorer.oecd.org/vis?lc=fr&df[ds]=dsDisseminateFinalDMZ&df[id]=DSD_BIBLIO@DF_BIBLIO_COLLAB&df[ag]=OECD.STI.STP,Dataset,9 May 2025,
Corporate income tax statutory and targeted small business rates,https://data-explorer.oecd.org/vis?lc=en&df[ds]=dsDisseminateFinalDMZ&df[id]=DSD_TAX_CIT@DF_CIT&df[ag]=OECD.CTP.TPS,Dataset,24 April 2025,"This table shows statutory and targeted, sub-central and combined corporate income tax rates. Targeted rates of 'small incorporated business' are on the basis of size alone (e.g. number of employees, amount of assets, turnover or taxable income) and not on the basis of expenditures or other targeting criteria. Targeted rates data are only..."
Taux légaux de l'impôt sur les bénéfices des sociétés et taux ciblés pour les petites entreprises,https://data-explorer.oecd.org/vis?lc=fr&df[ds]=dsDisseminateFinalDMZ&df[id]=DSD_TAX_CIT@DF_CIT&df[ag]=OECD.CTP.TPS,Dataset,24 April 2025,"Ce tableau présente les taux légaux et ciblés, sous-centraux et combinés de l'impôt sur le revenu des sociétés. Targeted rates of 'small incorporated business' are on the basis of size alone (e.g. number of employees, amount of assets, turnover or taxable income) and not on the basis of expenditures or other targeting criteria. Les données..."
Balanced international merchandise trade statistics (BIMTS) - CPA 2.1,https://data-explorer.oecd.org/vis?lc=en&df[ds]=dsDisseminateFinalDMZ&df[id]=DSD_BIMTS@DF_BIMTS_CPA_2_1&df[ag]=OECD.SDD.TPS,Dataset,24 April 2025,"The OECD Balanced International Merchandise Trade Statistics (BIMTS) dataset provides a complete, consistent, and balanced matrix of international merchandise trade statistics. It includes annual bilateral data for approximately 200 reporters and partners, broken down by 60 products in the Statistical Classification of Products by Activity (CPA..."
Balanced international merchandise trade statistics (BIMTS) - HS2017-2D,https://data-explorer.oecd.org/vis?lc=en&df[ds]=dsDisseminateFinalDMZ&df[id]=DSD_BIMTS@DF_BIMTS_HS2017_2D&df[ag]=OECD.SDD.TPS,Dataset,24 April 2025,"The OECD Balanced International Merchandise Trade Statistics (BIMTS) dataset provides a complete, consistent, and balanced matrix of international merchandise trade statistics. It includes annual bilateral data for approximately 200 reporters and partners, covering around 98 products in HS2017 at the 2-digit level from 1995 to 2023. BIMTS is also..."
Echanges internationaux équilibrés de marchandise (BIMTS) - CPA 2.1,https://data-explorer.oecd.org/vis?lc=fr&df[ds]=dsDisseminateFinalDMZ&df[id]=DSD_BIMTS@DF_BIMTS_CPA_2_1&df[ag]=OECD.SDD.TPS,Dataset,24 April 2025,"La base de données Équilibrées sur le Commerce International de Marchandises (BIMTS) de l'OCDE est une matrice complète, cohérente et équilibrée des statistiques du commerce international de marchandises couvrant environ 200 pays déclarants et pays partenaires, ventilées en 60 produits de la Classification des produits par activités (CPA 2.1) de..."
Echanges internationaux équilibrés de marchandise (BIMTS) - SH2017-2D,https://data-explorer.oecd.org/vis?lc=fr&df[ds]=dsDisseminateFinalDMZ&df[id]=DSD_BIMTS@DF_BIMTS_HS2017_2D&df[ag]=OECD.SDD.TPS,Dataset,24 April 2025,"La base de données Équilibrées sur le Commerce International de Marchandises (BIMTS) de l'OCDE est une matrice complète, cohérente et équilibrée des statistiques du commerce international de marchandises couvrant environ 200 pays déclarants et pays partenaires, ventilées en 98 produits de la Classification SH 2017 à 2 chiffres. BIMTS est..."
SNG-WOFI : Structure des collectivités territoriales,https://data-explorer.oecd.org/vis?lc=fr&df[ds]=dsDisseminateFinalDMZ&df[id]=DSD_SNG_WOFI@DF_SNG_STRUCT&df[ag]=OECD.CFE.RDG,Dataset,9 April 2025,"Cette base de données dénombre les gouvernements infranationaux dans les 135 pays couverts par l'Observatoire - en faisant la distinction entre les niveaux municipaux, intermédiaires et régionaux (le cas échéant) -, et fournit des données sur la taille moyenne des municipalités.L'Observatoire mondial des finances et de l'investissement des..."
SNG-WOFI: Number of subnational governments and municipality size,https://data-explorer.oecd.org/vis?lc=en&df[ds]=dsDisseminateFinalDMZ&df[id]=DSD_SNG_WOFI@DF_SNG_STRUCT&df[ag]=OECD.CFE.RDG,Dataset,9 April 2025,"This dataset includes data on the size of municipalities and the number of subnational governments in each country, distinguishing between municipal, intermediate and regional governments (when relevant).The OECD/UCLG World Observatory on Subnational Government Finance and Investment (SNG-WOFI) initiative is the world's leading source of..."
SNG-WOFI : Dépenses des collectivités territoriales par fonctions (COFOG),https://data-explorer.oecd.org/vis?lc=fr&df[ds]=dsDisseminateFinalDMZ&df[id]=DSD_SNG_WOFI@DF_COFOG&df[ag]=OECD.CFE.RDG,Dataset,7 April 2025,"Cette base de données couvre les dépenses des gouvernements infranationaux par fonction, suivant la classification des fonctions des administrations publiques (COFOG), qui comprend dix catégories : services publics généraux ; défense ; ordre et sécurité publics ; affaires économiques ; protection de l'environnement ; logement et équipements..."
"SNG-WOFI : Dépenses, investissement, recettes et dette des collectivités territoriales",https://data-explorer.oecd.org/vis?lc=fr&df[ds]=dsDisseminateFinalDMZ&df[id]=DSD_SNG_WOFI@DF_FINANCE&df[ag]=OECD.CFE.RDG,Dataset,7 April 2025,"Cette base de données couvre les principaux indicateurs de finances publiques au niveau infranational, incluant les dépenses infranationales par classification économique, les recettes infranationales par catégorie (e.g. recettes fiscales, transferts et subventions) et la dette infranationale.L'Observatoire mondial des finances et de..."
SNG-WOFI : Indicateurs socio-économiques de base,https://data-explorer.oecd.org/vis?lc=fr&df[ds]=dsDisseminateFinalDMZ&df[id]=DSD_SNG_WOFI@DF_SOCIO&df[ag]=OECD.CFE.RDG,Dataset,7 April 2025,"Cette base de données comprend des indicateurs socio-économiques tels que la population, la superficie, la part et le taux de croissance de la population urbaine, le PIB, l'Indice de Développement Humain (IDH), ou encore la Formation Brute de Capital Fixe.L'Observatoire mondial des finances et de l'investissement des collectivités territoriales..."
SNG-WOFI: Basic socio-economic indicators,https://data-explorer.oecd.org/vis?lc=en&df[ds]=dsDisseminateFinalDMZ&df[id]=DSD_SNG_WOFI@DF_SOCIO&df[ag]=OECD.CFE.RDG,Dataset,7 April 2025,"This dataset includes overall socio-economic indicators such as GDP, HDI, investment, unemployment, population, and land area (corresponding to Total Surface Area).The OECD/UCLG World Observatory on Subnational Government Finance and Investment (SNG-WOFI) initiative is the world's leading source of internationally comparable data and analysis on..."
"SNG-WOFI: Subnational government expenditure, investment, revenue and debt",https://data-explorer.oecd.org/vis?lc=en&df[ds]=dsDisseminateFinalDMZ&df[id]=DSD_SNG_WOFI@DF_FINANCE&df[ag]=OECD.CFE.RDG,Dataset,7 April 2025,"This dataset includes data on the main public finance indicators at the subnational level, including expenditure by economic classification, revenue by category, and debt by instrument.The OECD/UCLG World Observatory on Subnational Government Finance and Investment (SNG-WOFI) initiative is the world's leading source of internationally comparable..."
SNG-WOFI: Subnational government functional expenditure (COFOG),https://data-explorer.oecd.org/vis?lc=en&df[ds]=dsDisseminateFinalDMZ&df[id]=DSD_SNG_WOFI@DF_COFOG&df[ag]=OECD.CFE.RDG,Dataset,7 April 2025,"This dataset includes data on total expenditure of subnational governments by functions, based on the Classification of the Functions of Government (COFOG). The COFOG includes ten categories: general public services; defence; public order and safety; economic affairs; environmental protection; housing and community amenities; health; recreation,..."
Forum mondial sur la transparence et l'échange de renseignements à des fins fiscales : Rapport d'examen par les pairs : Mauritanie 2016 : Phase 2: mise en œuvre pratique des normes,https://www.oecd.org/fr/publications/forum-mondial-sur-la-transparence-et-l-echange-de-renseignements-a-des-fins-fiscales-rapport-d-examen-par-les-pairs-mauritanie-2016_9789264250833-fr.html,Report,14 March 2016,Ce rapport contient l'examen de « Phase 2 : mise en œuvre pratique des normes » ainsi que la version révisée de la « Phase 1 : évaluation de la qualité du cadre juridique et réglementaire » déjà publiée pour la Mauritanie.
Global Forum on Transparency and Exchange of Information for Tax Purposes Peer Reviews: Mauritania 2016: Phase 2: Implementation of the Standard in Practice,https://www.oecd.org/en/publications/global-forum-on-transparency-and-exchange-of-information-for-tax-purposes-peer-reviews-mauritania-2016_9789264250819-en.html,Report,14 March 2016,"This report contains the 2014 ""Phase 2: Implementation of the Standards in Practice"" Global Forum review of Mauritania."
Brevets - Collaboration internationale dans le développement technologique,https://data-explorer.oecd.org/vis?lc=fr&df[ds]=dsDisseminateFinalDMZ&df[id]=DSD_PAT_COL_RATES@DF_PAT_COL_RATES&df[ag]=OECD.ENV.EPI,Dataset,12 March 2025,"Cette base de données présente des données sur la part des co-inventions et sur la part des collaborations entre inventeurs dans la zone OCDE et ailleurs, dans le domaine des technologies liées à l'environnement, en utilisant le pays de résidence de l'inventeur. Source(s) de données :..."
Patents - international collaboration in technology development,https://data-explorer.oecd.org/vis?lc=en&df[ds]=dsDisseminateFinalDMZ&df[id]=DSD_PAT_COL_RATES@DF_PAT_COL_RATES&df[ag]=OECD.ENV.EPI,Dataset,12 March 2025,"This dataset presents data on shares of co-inventions and on shares of inventors' collaborations across the OECD area and elsewhere, in environment-related technologies, using inventors' country of residence. Data source(s): OECD, STI Micro-data Lab: Intellectual Property Database, http://oe.cd/ipstats Dataset release date: March..."
Brevets - indicateurs,https://data-explorer.oecd.org/vis?lc=fr&df[ds]=dsDisseminateFinalDMZ&df[id]=DSD_PAT_IND@DF_PAT_IND&df[ag]=OECD.ENV.EPI,Dataset,12 March 2025,Les statistiques et les indicateurs relatifs aux brevets sont adaptés au suivi de l'innovation dans les technologies liées à l'environnement. Ils permettent d'évaluer les performances des pays en matière d'innovation et de concevoir les politiques environnementales et d'innovation des gouvernements. Cette base de...
Patents - indicators,https://data-explorer.oecd.org/vis?lc=en&df[ds]=dsDisseminateFinalDMZ&df[id]=DSD_PAT_IND@DF_PAT_IND&df[ag]=OECD.ENV.EPI,Dataset,12 March 2025,"This dataset presents indicators on patents derived from the other patent databases (international collaborations, patent development and patent diffusion). Data source(s): OECD, STI Micro-data Lab: Intellectual Property Database, http://oe.cd/ipstats Dataset release date: March 12, 2025"
Forum mondial sur la transparence et l'échange de renseignements à des fins fiscales : Rapport d'examen par les pairs : Mauritanie 2015 : Phase 1 : cadre juridique et réglementaire,https://www.oecd.org/fr/publications/forum-mondial-sur-la-transparence-et-l-echange-de-renseignements-a-des-fins-fiscales-mauritanie-2015_9789264231412-fr.html,Report,16 March 2015,Ce rapport évalue la qualité du cadre juridique et réglementaire des juridictions en matière d'échange de renseignements en matière fiscale de la Mauritanie.
Global Forum on Transparency and Exchange of Information for Tax Purposes Peer Reviews: Mauritania 2015: Phase 1: Legal and Regulatory Framework,https://www.oecd.org/en/publications/global-forum-on-transparency-and-exchange-of-information-for-tax-purposes-peer-reviews-mauritania-2015_9789264231405-en.html,Report,16 March 2015,This publication reviews the quality of Mauritania's legal and regulatory framework for the exchange of information for tax purposes.
Standard withholding tax rates - Corporate tax statistics,https://data-explorer.oecd.org/vis?lc=en&df[ds]=dsDisseminateFinalDMZ&df[id]=DSD_WHT@DF_WHT_STANDARD&df[ag]=OECD.CTP.TPS,Dataset,25 February 2025,"This table shows standard withholding tax rates applicable to businesses when they make payments to other foreign or domestic business entities or individuals, e.g., in the form of dividends, interest, and royalties. Governments collect these taxes based on statutory tax rates requiring businesses to withhold a fraction of cross-border payments in..."
Taux de retenue à la source standard - Statistiques de l'impôt sur les sociétés,https://data-explorer.oecd.org/vis?lc=fr&df[ds]=dsDisseminateFinalDMZ&df[id]=DSD_WHT@DF_WHT_STANDARD&df[ag]=OECD.CTP.TPS,Dataset,25 February 2025,"Ce tableau présente les taux standard de retenue à la source applicables aux entreprises lorsqu'elles effectuent des paiements à d'autres entités commerciales étrangères ou nationales ou à des particuliers, par exemple sous forme de dividendes, d'intérêts et de redevances. Les gouvernements perçoivent ces impôts sur la base de taux d'imposition..."
Taux de retenue à la source basés sur les traités - Statistiques de l'impôt sur les sociétés,https://data-explorer.oecd.org/vis?lc=fr&df[ds]=dsDisseminateFinalDMZ&df[id]=DSD_WHT@DF_WHT_TREATY&df[ag]=OECD.CTP.TPS,Dataset,25 February 2025,"Ce tableau présente les taux de retenue à la source standard prévus par les conventions bilatérales et applicables aux entreprises lorsqu'elles effectuent des paiements à d'autres entités commerciales étrangères ou nationales ou à des particuliers, par exemple sous la forme de dividendes, d'intérêts et de redevances. Les gouvernements perçoivent..."
Treaty based withholding tax rates - Corporate tax statistics,https://data-explorer.oecd.org/vis?lc=en&df[ds]=dsDisseminateFinalDMZ&df[id]=DSD_WHT@DF_WHT_TREATY&df[ag]=OECD.CTP.TPS,Dataset,25 February 2025,"This table shows standard withholding tax rates under bilateral treaties applicable to businesses when they make payments to other foreign or domestic business entities or individuals, e.g., in the form of dividends, interest, and royalties. Governments collect these taxes based on statutory tax rates requiring businesses to withhold a fraction of..."
Balanced trade in services (BaTIS),https://data-explorer.oecd.org/vis?lc=en&df[ds]=dsDisseminateFinalDMZ&df[id]=DSD_BATIS@DF_BATIS&df[ag]=OECD.SDD.TPS,Dataset,17 February 2025,"The OECD-WTO Balanced Trade in Services (BaTIS) dataset is a complete, consistent, and balanced matrix of international trade in services statistics (ITSS). It contains annual bilateral data covering 202 reporters and partners, broken down by total services and 26 EBOPS 2010 (BPM6) categories from 2005 to 2023. BaTIS is the result of joint efforts..."
Echanges équilibrés de services (BaTIS),https://data-explorer.oecd.org/vis?lc=fr&df[ds]=dsDisseminateFinalDMZ&df[id]=DSD_BATIS@DF_BATIS&df[ag]=OECD.SDD.TPS,Dataset,17 February 2025,"La base de données Équilibrées sur le Commerce des Services (BaTIS) de l'OCDE et de l'OMC est une matrice complète, cohérente et équilibrée des statistiques du commerce international des services (ITSS). Elle contient des données bilatérales annuelles couvrant 202 pays déclarants et pays partenaires, ventilées selon le total des services ainsi que..."
Air transport CO2 emissions (experimental),https://data-explorer.oecd.org/vis?lc=en&df[ds]=dsDisseminateFinalDMZ&df[id]=DSD_AIR_TRANSPORT@DF_AIR_TRANSPORT&df[ag]=OECD.SDD.NAD.SEEA,Dataset,13 February 2025,"This database provides annual, quarterly and monthly estimates for carbon dioxide (CO2) emissions from commercial passenger, freight and general aviation flights. The emissions are estimated for 186 countries by the OECD, based on a consistent methodology across countries. From 2019, the estimates are compiled using Automatic Dependent..."
Émissions de CO2 du transport aérien (expérimental),https://data-explorer.oecd.org/vis?lc=fr&df[ds]=dsDisseminateFinalDMZ&df[id]=DSD_AIR_TRANSPORT@DF_AIR_TRANSPORT&df[ag]=OECD.SDD.NAD.SEEA,Dataset,13 February 2025,"Cette base de données fournit des estimations annuelles, trimestrielles et mensuelles des émissions de dioxyde de carbone (CO2) provenant des vols commerciaux de passagers, de fret et d'aviation générale. Les émissions sont estimées pour 186 pays par l'OCDE, sur la base d'une méthodologie cohérente entre les pays. À partir de 2019, les estimations..."
La couverture du sol et changement de la couverture du sol,https://data-explorer.oecd.org/vis?lc=fr&df[ds]=dsDisseminateFinalDMZ&df[id]=DSD_LAND@DF_LAND_COVER&df[ag]=OECD.ENV.EPI,Dataset,7 February 2025,"L'ensemble de données sur la couverture du sol fournit une évaluation globale de la couverture du sol et changement de la couverture du sol afin de surveiller les pressions exercées sur les écosystèmes et la biodiversité. En utilisant des données géospatiales à haute résolution spatio-temporelle, il développe un ensemble d'indicateurs comparables..."
Land cover and land cover change,https://data-explorer.oecd.org/vis?lc=en&df[ds]=dsDisseminateFinalDMZ&df[id]=DSD_LAND@DF_LAND_COVER&df[ag]=OECD.ENV.EPI,Dataset,7 February 2025,"The land cover dataset provides a global assessment of land cover and land cover change to monitor pressures on ecosystems and biodiversity. By using geospatial data with high spatio-temporal resolution, it develops a set of internationally comparable indicators with a long time series and a five-year interval from 2000 to 2022 for the Climate..."
Land use,https://data-explorer.oecd.org/vis?lc=en&df[ds]=dsDisseminateFinalDMZ&df[id]=DSD_LAND_USE@DF_LAND_USE&df[ag]=OECD.ENV.EPI,Dataset,22 January 2025,"Land resources are one of the four components of the natural environment: water, air, land and living resources. In this context land is both: a physical ""milieu"" necessary for the development of natural vegetation as well as cultivated vegetation; a resource for human activities. The data presented here give information..."
Utilisation des sols,https://data-explorer.oecd.org/vis?lc=fr&df[ds]=dsDisseminateFinalDMZ&df[id]=DSD_LAND_USE@DF_LAND_USE&df[ag]=OECD.ENV.EPI,Dataset,22 January 2025,"Les ressources foncières sont l'une des quatre composantes de l'environnement naturel : l'eau, l'air, la terre et les ressources vivantes. Dans ce contexte, la terre est à la fois - un ""milieu"" physique nécessaire au développement de la végétation naturelle et de la..."
Harmful Tax Practices – 2023 Peer Review Reports on the Exchange of Information on Tax Rulings: Mauritania: Inclusive Framework on BEPS: Action 5,https://www.oecd.org/en/publications/harmful-tax-practices-2023-peer-review-reports-on-the-exchange-of-information-on-tax-rulings_efbad00d-en/full-report/mauritania_5957ca3a.html,Country note,16 December 2024,"Under the BEPS Action 5 minimum standard, members of the OECD/G20 Inclusive Framework on Base Erosion and Profit Shifting (BEPS) have committed to counter harmful tax practices with a focus on improving transparency. One part of the Action 5 minimum standard is the transparency framework for compulsory spontaneous exchange of information on..."
Environmentally related tax revenue,https://data-explorer.oecd.org/vis?lc=en&df[ds]=dsDisseminateFinalDMZ&df[id]=DSD_ERTR@DF_ERTR&df[ag]=OECD.ENV.EPI,Dataset,31 October 2024,"ERTR Database body { font-family: Arial, sans-serif; font-size: 11px; } p { font-family: Arial, sans-serif; font-size: 11px; } Environmentally related taxes are effective policy instruments to shape relative prices of goods and services. The Environmental Related Tax Revenue Database (ERTR) categorises taxes based on their environmental relevance,..."
Recettes provenant des taxes liées à l'environnement,https://data-explorer.oecd.org/vis?lc=fr&df[ds]=dsDisseminateFinalDMZ&df[id]=DSD_ERTR@DF_ERTR&df[ag]=OECD.ENV.EPI,Dataset,31 October 2024,"Base de données sur les taxes liées à l'environnement (ERTR) body { font-family: Arial, sans-serif; font-size: 11px; } Les taxes liées à l'environnement sont des instruments politiques efficaces pour influencer les prix relatifs des biens et des services. La base de données sur les recettes fiscales liées à l'environnement (ERTR) classe les taxes..."
Africa's Development Dynamics (AfDD) Table 38 - Projected education profiles,https://data-explorer.oecd.org/vis?lc=en&df[ds]=dsDisseminateFinalDMZ&df[id]=DSD_AFDD_STAT_ANNEX@DF_TAB38&df[ag]=OECD.DEV.EMEA,Dataset,30 October 2024,"The Statistical Annex to the annual Africa's Development Dynamics (AFDD) report is a collection of development indicators that were gathered and analysed while conducting the research that went into the report. These data are also available online for free viewing or download at https://oe.cd/AFDD-2024, a bilingual website which links to the..."
Dynamiques du développement en Afrique (DDAf) Tableau 38 - Profils éducatifs projetés,https://data-explorer.oecd.org/vis?lc=fr&df[ds]=dsDisseminateFinalDMZ&df[id]=DSD_AFDD_STAT_ANNEX@DF_TAB38&df[ag]=OECD.DEV.EMEA,Dataset,30 October 2024,L'Annexe statistique du rapport annuel sur les Dynamiques du développement en Afrique (DDAf) est une collection d'indicateurs de développement qui ont été rassemblés et analysés lors de la conduite des recherches qui ont servi à la rédaction du rapport. Ces données sont également disponibles en ligne pour consultation ou téléchargement gratuit à...
Africa's Development Dynamics (AfDD) Table 32 - Employment by occupation,https://data-explorer.oecd.org/vis?lc=en&df[ds]=dsDisseminateFinalDMZ&df[id]=DSD_AFDD_STAT_ANNEX@DF_TAB32&df[ag]=OECD.DEV.EMEA,Dataset,30 October 2024,"The Statistical Annex to the annual Africa's Development Dynamics (AFDD) report is a collection of development indicators that were gathered and analysed while conducting the research that went into the report. These data are also available online for free viewing or download at https://oe.cd/AFDD-2024, a bilingual website which links to the..."
Dynamiques du développement en Afrique (DDAf) Tableau 32 - Emploi par profession,https://data-explorer.oecd.org/vis?lc=fr&df[ds]=dsDisseminateFinalDMZ&df[id]=DSD_AFDD_STAT_ANNEX@DF_TAB32&df[ag]=OECD.DEV.EMEA,Dataset,30 October 2024,L'Annexe statistique du rapport annuel sur les Dynamiques du développement en Afrique (DDAf) est une collection d'indicateurs de développement qui ont été rassemblés et analysés lors de la conduite des recherches qui ont servi à la rédaction du rapport. Ces données sont également disponibles en ligne pour consultation ou téléchargement gratuit à...
Africa's Development Dynamics (AfDD) Table 30 - Environmental causes of premature deaths,https://data-explorer.oecd.org/vis?lc=en&df[ds]=dsDisseminateFinalDMZ&df[id]=DSD_AFDD_STAT_ANNEX@DF_TAB30&df[ag]=OECD.DEV.EMEA,Dataset,30 October 2024,"The Statistical Annex to the annual Africa's Development Dynamics (AFDD) report is a collection of development indicators that were gathered and analysed while conducting the research that went into the report. These data are also available online for free viewing or download at https://oe.cd/AFDD-2024, a bilingual website which links to the..."
Dynamiques du développement en Afrique (DDAf) Tableau 30 - Causes environnementales des décès prématurés,https://data-explorer.oecd.org/vis?lc=fr&df[ds]=dsDisseminateFinalDMZ&df[id]=DSD_AFDD_STAT_ANNEX@DF_TAB30&df[ag]=OECD.DEV.EMEA,Dataset,30 October 2024,L'Annexe statistique du rapport annuel sur les Dynamiques du développement en Afrique (DDAf) est une collection d'indicateurs de développement qui ont été rassemblés et analysés lors de la conduite des recherches qui ont servi à la rédaction du rapport. Ces données sont également disponibles en ligne pour consultation ou téléchargement gratuit à...
Africa's Development Dynamics (AfDD) Table 27 - Origin and destination of added value,https://data-explorer.oecd.org/vis?lc=en&df[ds]=dsDisseminateFinalDMZ&df[id]=DSD_AFDD_STAT_ANNEX@DF_TAB27&df[ag]=OECD.DEV.EMEA,Dataset,30 October 2024,"The Statistical Annex to the annual Africa's Development Dynamics (AFDD) report is a collection of development indicators that were gathered and analysed while conducting the research that went into the report. These data are also available online for free viewing or download at https://oe.cd/AFDD-2024, a bilingual website which links to the..."
Dynamiques du développement en Afrique (DDAf) Tableau 27 - Origine et destination géographiques de la valeur ajoutée,https://data-explorer.oecd.org/vis?lc=fr&df[ds]=dsDisseminateFinalDMZ&df[id]=DSD_AFDD_STAT_ANNEX@DF_TAB27&df[ag]=OECD.DEV.EMEA,Dataset,30 October 2024,L'Annexe statistique du rapport annuel sur les Dynamiques du développement en Afrique (DDAf) est une collection d'indicateurs de développement qui ont été rassemblés et analysés lors de la conduite des recherches qui ont servi à la rédaction du rapport. Ces données sont également disponibles en ligne pour consultation ou téléchargement gratuit à...
Africa's Development Dynamics (AfDD) Table 26 - Electricity production and sustainable energy,https://data-explorer.oecd.org/vis?lc=en&df[ds]=dsDisseminateFinalDMZ&df[id]=DSD_AFDD_STAT_ANNEX@DF_TAB26&df[ag]=OECD.DEV.EMEA,Dataset,30 October 2024,"The Statistical Annex to the annual Africa's Development Dynamics (AFDD) report is a collection of development indicators that were gathered and analysed while conducting the research that went into the report. These data are also available online for free viewing or download at https://oe.cd/AFDD-2024, a bilingual website which links to the..."
Dynamiques du développement en Afrique (DDAf) Tableau 26 - Production d'électricité et énergie durable,https://data-explorer.oecd.org/vis?lc=fr&df[ds]=dsDisseminateFinalDMZ&df[id]=DSD_AFDD_STAT_ANNEX@DF_TAB26&df[ag]=OECD.DEV.EMEA,Dataset,30 October 2024,L'Annexe statistique du rapport annuel sur les Dynamiques du développement en Afrique (DDAf) est une collection d'indicateurs de développement qui ont été rassemblés et analysés lors de la conduite des recherches qui ont servi à la rédaction du rapport. Ces données sont également disponibles en ligne pour consultation ou téléchargement gratuit à...
Africa's Development Dynamics (AfDD) Table 25 - GHG Emissions by sector,https://data-explorer.oecd.org/vis?lc=en&df[ds]=dsDisseminateFinalDMZ&df[id]=DSD_AFDD_STAT_ANNEX@DF_TAB25&df[ag]=OECD.DEV.EMEA,Dataset,30 October 2024,"The Statistical Annex to the annual Africa's Development Dynamics (AFDD) report is a collection of development indicators that were gathered and analysed while conducting the research that went into the report. These data are also available online for free viewing or download at https://oe.cd/AFDD-2024, a bilingual website which links to the..."
Dynamiques du développement en Afrique (DDAf) Tableau 25 - Émissions de GES par secteur,https://data-explorer.oecd.org/vis?lc=fr&df[ds]=dsDisseminateFinalDMZ&df[id]=DSD_AFDD_STAT_ANNEX@DF_TAB25&df[ag]=OECD.DEV.EMEA,Dataset,30 October 2024,L'Annexe statistique du rapport annuel sur les Dynamiques du développement en Afrique (DDAf) est une collection d'indicateurs de développement qui ont été rassemblés et analysés lors de la conduite des recherches qui ont servi à la rédaction du rapport. Ces données sont également disponibles en ligne pour consultation ou téléchargement gratuit à...
Africa's Development Dynamics (AfDD) Table 16 - Public finances,https://data-explorer.oecd.org/vis?lc=en&df[ds]=dsDisseminateFinalDMZ&df[id]=DSD_AFDD_STAT_ANNEX@DF_TAB16&df[ag]=OECD.DEV.EMEA,Dataset,30 October 2024,"The Statistical Annex to the annual Africa's Development Dynamics (AFDD) report is a collection of development indicators that were gathered and analysed while conducting the research that went into the report. These data are also available online for free viewing or download at https://oe.cd/AFDD-2024, a bilingual website which links to the..."
Dynamiques du développement en Afrique (DDAf) Tableau 16 - Finances publiques,https://data-explorer.oecd.org/vis?lc=fr&df[ds]=dsDisseminateFinalDMZ&df[id]=DSD_AFDD_STAT_ANNEX@DF_TAB16&df[ag]=OECD.DEV.EMEA,Dataset,30 October 2024,L'Annexe statistique du rapport annuel sur les Dynamiques du développement en Afrique (DDAf) est une collection d'indicateurs de développement qui ont été rassemblés et analysés lors de la conduite des recherches qui ont servi à la rédaction du rapport. Ces données sont également disponibles en ligne pour consultation ou téléchargement gratuit à...
Africa's Development Dynamics (AfDD) Table 13 - Basic health indicators,https://data-explorer.oecd.org/vis?lc=en&df[ds]=dsDisseminateFinalDMZ&df[id]=DSD_AFDD_STAT_ANNEX@DF_TAB13&df[ag]=OECD.DEV.EMEA,Dataset,30 October 2024,"The Statistical Annex to the annual Africa's Development Dynamics (AFDD) report is a collection of development indicators that were gathered and analysed while conducting the research that went into the report. These data are also available online for free viewing or download at https://oe.cd/AFDD-2024, a bilingual website which links to the..."
Dynamiques du développement en Afrique (DDAf) Tableau 13 - Indicateurs de santé de base,https://data-explorer.oecd.org/vis?lc=fr&df[ds]=dsDisseminateFinalDMZ&df[id]=DSD_AFDD_STAT_ANNEX@DF_TAB13&df[ag]=OECD.DEV.EMEA,Dataset,30 October 2024,L'Annexe statistique du rapport annuel sur les Dynamiques du développement en Afrique (DDAf) est une collection d'indicateurs de développement qui ont été rassemblés et analysés lors de la conduite des recherches qui ont servi à la rédaction du rapport. Ces données sont également disponibles en ligne pour consultation ou téléchargement gratuit à...
Africa's Development Dynamics (AfDD) Table 05 - Demographic estimates,https://data-explorer.oecd.org/vis?lc=en&df[ds]=dsDisseminateFinalDMZ&df[id]=DSD_AFDD_STAT_ANNEX@DF_TAB05&df[ag]=OECD.DEV.EMEA,Dataset,30 October 2024,"The Statistical Annex to the annual Africa's Development Dynamics (AFDD) report is a collection of development indicators that were gathered and analysed while conducting the research that went into the report. These data are also available online for free viewing or download at https://oe.cd/AFDD-2024, a bilingual website which links to the..."
Dynamiques du développement en Afrique (DDAf) Tableau 05 - Estimations démographiques,https://data-explorer.oecd.org/vis?lc=fr&df[ds]=dsDisseminateFinalDMZ&df[id]=DSD_AFDD_STAT_ANNEX@DF_TAB05&df[ag]=OECD.DEV.EMEA,Dataset,30 October 2024,L'Annexe statistique du rapport annuel sur les Dynamiques du développement en Afrique (DDAf) est une collection d'indicateurs de développement qui ont été rassemblés et analysés lors de la conduite des recherches qui ont servi à la rédaction du rapport. Ces données sont également disponibles en ligne pour consultation ou téléchargement gratuit à...
Africa's Development Dynamics (AfDD) Table 04 - Annual real GDP growth per capita,https://data-explorer.oecd.org/vis?lc=en&df[ds]=dsDisseminateFinalDMZ&df[id]=DSD_AFDD_STAT_ANNEX@DF_TAB04&df[ag]=OECD.DEV.EMEA,Dataset,30 October 2024,"The Statistical Annex to the annual Africa's Development Dynamics (AFDD) report is a collection of development indicators that were gathered and analysed while conducting the research that went into the report. These data are also available online for free viewing or download at https://oe.cd/AFDD-2024, a bilingual website which links to the..."
Dynamiques du développement en Afrique (DDAf) Tableau 04 - Taux de croissance annuelle du PIB réel par habitant,https://data-explorer.oecd.org/vis?lc=fr&df[ds]=dsDisseminateFinalDMZ&df[id]=DSD_AFDD_STAT_ANNEX@DF_TAB04&df[ag]=OECD.DEV.EMEA,Dataset,30 October 2024,L'Annexe statistique du rapport annuel sur les Dynamiques du développement en Afrique (DDAf) est une collection d'indicateurs de développement qui ont été rassemblés et analysés lors de la conduite des recherches qui ont servi à la rédaction du rapport. Ces données sont également disponibles en ligne pour consultation ou téléchargement gratuit à...
Africa's Development Dynamics (AfDD) Table 03 - Annual population growth rate,https://data-explorer.oecd.org/vis?lc=en&df[ds]=dsDisseminateFinalDMZ&df[id]=DSD_AFDD_STAT_ANNEX@DF_TAB03&df[ag]=OECD.DEV.EMEA,Dataset,30 October 2024,"The Statistical Annex to the annual Africa's Development Dynamics (AFDD) report is a collection of development indicators that were gathered and analysed while conducting the research that went into the report. These data are also available online for free viewing or download at https://oe.cd/AFDD-2024, a bilingual website which links to the..."
Dynamiques du développement en Afrique (DDAf) Tableau 03 - Taux de croissance annuel de la population,https://data-explorer.oecd.org/vis?lc=fr&df[ds]=dsDisseminateFinalDMZ&df[id]=DSD_AFDD_STAT_ANNEX@DF_TAB03&df[ag]=OECD.DEV.EMEA,Dataset,30 October 2024,L'Annexe statistique du rapport annuel sur les Dynamiques du développement en Afrique (DDAf) est une collection d'indicateurs de développement qui ont été rassemblés et analysés lors de la conduite des recherches qui ont servi à la rédaction du rapport. Ces données sont également disponibles en ligne pour consultation ou téléchargement gratuit à...
Africa's Development Dynamics (AfDD) Table 02 - Annual real GDP growth rate,https://data-explorer.oecd.org/vis?lc=en&df[ds]=dsDisseminateFinalDMZ&df[id]=DSD_AFDD_STAT_ANNEX@DF_TAB02&df[ag]=OECD.DEV.EMEA,Dataset,30 October 2024,"The Statistical Annex to the annual Africa's Development Dynamics (AFDD) report is a collection of development indicators that were gathered and analysed while conducting the research that went into the report. These data are also available online for free viewing or download at https://oe.cd/AFDD-2024, a bilingual website which links to the..."
Dynamiques du développement en Afrique (DDAf) Tableau 02 - Taux de croissance annuel du PIB réel,https://data-explorer.oecd.org/vis?lc=fr&df[ds]=dsDisseminateFinalDMZ&df[id]=DSD_AFDD_STAT_ANNEX@DF_TAB02&df[ag]=OECD.DEV.EMEA,Dataset,30 October 2024,L'Annexe statistique du rapport annuel sur les Dynamique de développement de l'Afrique (DDAf) est une collection d'indicateurs de développement qui ont été rassemblés et analysés lors de la conduite des recherches qui ont servi à la rédaction du rapport. Ces données sont également disponibles en ligne pour consultation ou téléchargement gratuit à...
Africa's Development Dynamics (AfDD) Table 37 - Migration by education level,https://data-explorer.oecd.org/vis?lc=en&df[ds]=dsDisseminateFinalDMZ&df[id]=DSD_AFDD_STAT_ANNEX@DF_TAB37&df[ag]=OECD.DEV.EMEA,Dataset,29 October 2024,"The Statistical Annex to the annual Africa's Development Dynamics (AFDD) report is a collection of development indicators that were gathered and analysed while conducting the research that went into the report. These data are also available online for free viewing or download at https://oe.cd/AFDD-2024, a bilingual website which links to the..."
<<<<<<< HEAD
=======
Dynamiques du développement en Afrique (DDAf) Tableau 37 - Migrants selon leur niveau d'éducation,https://data-explorer.oecd.org/vis?lc=fr&df[ds]=dsDisseminateFinalDMZ&df[id]=DSD_AFDD_STAT_ANNEX@DF_TAB37&df[ag]=OECD.DEV.EMEA,Dataset,29 October 2024,L'Annexe statistique du rapport annuel sur les Dynamiques du développement en Afrique (DDAf) est une collection d'indicateurs de développement qui ont été rassemblés et analysés lors de la conduite des recherches qui ont servi à la rédaction du rapport. Ces données sont également disponibles en ligne pour consultation ou téléchargement gratuit à...
Africa's Development Dynamics (AfDD) Table 29 - National wealth,https://data-explorer.oecd.org/vis?lc=en&df[ds]=dsDisseminateFinalDMZ&df[id]=DSD_AFDD_STAT_ANNEX@DF_TAB29&df[ag]=OECD.DEV.EMEA,Dataset,29 October 2024,"The Statistical Annex to the annual Africa's Development Dynamics (AFDD) report is a collection of development indicators that were gathered and analysed while conducting the research that went into the report. These data are also available online for free viewing or download at https://oe.cd/AFDD-2024, a bilingual website which links to the..."
Dynamiques du développement en Afrique (DDAf) Tableau 29 - Richesse nationale,https://data-explorer.oecd.org/vis?lc=fr&df[ds]=dsDisseminateFinalDMZ&df[id]=DSD_AFDD_STAT_ANNEX@DF_TAB29&df[ag]=OECD.DEV.EMEA,Dataset,29 October 2024,L'Annexe statistique du rapport annuel sur les Dynamiques du développement en Afrique (DDAf) est une collection d'indicateurs de développement qui ont été rassemblés et analysés lors de la conduite des recherches qui ont servi à la rédaction du rapport. Ces données sont également disponibles en ligne pour consultation ou téléchargement gratuit à...
Africa's Development Dynamics (AfDD) Table 23 - Ecological sustainability,https://data-explorer.oecd.org/vis?lc=en&df[ds]=dsDisseminateFinalDMZ&df[id]=DSD_AFDD_STAT_ANNEX@DF_TAB23&df[ag]=OECD.DEV.EMEA,Dataset,29 October 2024,"The Statistical Annex to the annual Africa's Development Dynamics (AFDD) report is a collection of development indicators that were gathered and analysed while conducting the research that went into the report. These data are also available online for free viewing or download at https://oe.cd/AFDD-2024, a bilingual website which links to the..."
Dynamiques du développement en Afrique (DDAf) Tableau 23 - Durabilité écologique,https://data-explorer.oecd.org/vis?lc=fr&df[ds]=dsDisseminateFinalDMZ&df[id]=DSD_AFDD_STAT_ANNEX@DF_TAB23&df[ag]=OECD.DEV.EMEA,Dataset,29 October 2024,L'Annexe statistique du rapport annuel sur les Dynamiques du développement en Afrique (DDAf) est une collection d'indicateurs de développement qui ont été rassemblés et analysés lors de la conduite des recherches qui ont servi à la rédaction du rapport. Ces données sont également disponibles en ligne pour consultation ou téléchargement gratuit à...
Africa's Development Dynamics (AfDD) Table 20 - External financial inflows,https://data-explorer.oecd.org/vis?lc=en&df[ds]=dsDisseminateFinalDMZ&df[id]=DSD_AFDD_STAT_ANNEX@DF_TAB20&df[ag]=OECD.DEV.EMEA,Dataset,29 October 2024,"The Statistical Annex to the annual Africa's Development Dynamics (AFDD) report is a collection of development indicators that were gathered and analysed while conducting the research that went into the report. These data are also available online for free viewing or download at https://oe.cd/AFDD-2024, a bilingual website which links to the..."
Dynamiques du développement en Afrique (DDAf) Tableau 20 - Apports financiers extérieurs,https://data-explorer.oecd.org/vis?lc=fr&df[ds]=dsDisseminateFinalDMZ&df[id]=DSD_AFDD_STAT_ANNEX@DF_TAB20&df[ag]=OECD.DEV.EMEA,Dataset,29 October 2024,L'Annexe statistique du rapport annuel sur les Dynamiques du développement en Afrique (DDAf) est une collection d'indicateurs de développement qui ont été rassemblés et analysés lors de la conduite des recherches qui ont servi à la rédaction du rapport. Ces données sont également disponibles en ligne pour consultation ou téléchargement gratuit à...
Africa's Development Dynamics (AfDD) Table 21 - Investment and capital stock,https://data-explorer.oecd.org/vis?lc=en&df[ds]=dsDisseminateFinalDMZ&df[id]=DSD_AFDD_STAT_ANNEX@DF_TAB21&df[ag]=OECD.DEV.EMEA,Dataset,29 October 2024,"The Statistical Annex to the annual Africa's Development Dynamics (AFDD) report is a collection of development indicators that were gathered and analysed while conducting the research that went into the report. These data are also available online for free viewing or download at https://oe.cd/AFDD-2024, a bilingual website which links to the..."
Dynamiques du développement en Afrique (DDAf) Tableau 21 - Investissement et stock de capital,https://data-explorer.oecd.org/vis?lc=fr&df[ds]=dsDisseminateFinalDMZ&df[id]=DSD_AFDD_STAT_ANNEX@DF_TAB21&df[ag]=OECD.DEV.EMEA,Dataset,29 October 2024,L'Annexe statistique du rapport annuel sur les Dynamiques du développement en Afrique (DDAf) est une collection d'indicateurs de développement qui ont été rassemblés et analysés lors de la conduite des recherches qui ont servi à la rédaction du rapport. Ces données sont également disponibles en ligne pour consultation ou téléchargement gratuit à...
Africa's Development Dynamics (AfDD) Table 19 - Global and regional trade,https://data-explorer.oecd.org/vis?lc=en&df[ds]=dsDisseminateFinalDMZ&df[id]=DSD_AFDD_STAT_ANNEX@DF_TAB19&df[ag]=OECD.DEV.EMEA,Dataset,29 October 2024,"The Statistical Annex to the annual Africa's Development Dynamics (AFDD) report is a collection of development indicators that were gathered and analysed while conducting the research that went into the report. These data are also available online for free viewing or download at https://oe.cd/AFDD-2024, a bilingual website which links to the..."
Dynamiques du développement en Afrique (DDAf) Tableau 19 - Commerce international et régional,https://data-explorer.oecd.org/vis?lc=fr&df[ds]=dsDisseminateFinalDMZ&df[id]=DSD_AFDD_STAT_ANNEX@DF_TAB19&df[ag]=OECD.DEV.EMEA,Dataset,29 October 2024,L'Annexe statistique du rapport annuel sur les Dynamiques du développement en Afrique (DDAf) est une collection d'indicateurs de développement qui ont été rassemblés et analysés lors de la conduite des recherches qui ont servi à la rédaction du rapport. Ces données sont également disponibles en ligne pour consultation ou téléchargement gratuit à...
Africa's Development Dynamics (AfDD) - full historic data,https://data-explorer.oecd.org/vis?lc=en&df[ds]=dsDisseminateFinalDMZ&df[id]=DSD_AFDD_STAT_ANNEX@DF_HISTORIC&df[ag]=OECD.DEV.EMEA,Dataset,9 October 2024,The Statistical Annex to the annual Africa's Development Dynamics (AFDD) report is a collection of development indicators that were gathered and analysed while conducting the research that went into the report. These statistics are collected from a variety of reputable international sources and are reported at the national level or for...
Africa's Development Dynamics (AfDD) Table 08 - Sectoral breakdown of the economy,https://data-explorer.oecd.org/vis?lc=en&df[ds]=dsDisseminateFinalDMZ&df[id]=DSD_AFDD_STAT_ANNEX@DF_TAB08&df[ag]=OECD.DEV.EMEA,Dataset,9 October 2024,"The Statistical Annex to the annual Africa's Development Dynamics (AFDD) report is a collection of development indicators that were gathered and analysed while conducting the research that went into the report. These data are also available online for free viewing or download at https://oe.cd/AFDD-2024, a bilingual website which links to the..."
Africa's Development Dynamics (AfDD) Table 17 - Trade by manufacturing intensity,https://data-explorer.oecd.org/vis?lc=en&df[ds]=dsDisseminateFinalDMZ&df[id]=DSD_AFDD_STAT_ANNEX@DF_TAB17&df[ag]=OECD.DEV.EMEA,Dataset,9 October 2024,"The Statistical Annex to the annual Africa's Development Dynamics (AFDD) report is a collection of development indicators that were gathered and analysed while conducting the research that went into the report. These data are also available online for free viewing or download at https://oe.cd/AFDD-2024, a bilingual website which links to the..."
Africa's Development Dynamics (AfDD) Table 18 - Export diversification,https://data-explorer.oecd.org/vis?lc=en&df[ds]=dsDisseminateFinalDMZ&df[id]=DSD_AFDD_STAT_ANNEX@DF_TAB18&df[ag]=OECD.DEV.EMEA,Dataset,9 October 2024,"The Statistical Annex to the annual Africa's Development Dynamics (AFDD) report is a collection of development indicators that were gathered and analysed while conducting the research that went into the report. These data are also available online for free viewing or download at https://oe.cd/AFDD-2024, a bilingual website which links to the..."
Africa's Development Dynamics (AfDD) Table 22 - Returns on direct investments,https://data-explorer.oecd.org/vis?lc=en&df[ds]=dsDisseminateFinalDMZ&df[id]=DSD_AFDD_STAT_ANNEX@DF_TAB22&df[ag]=OECD.DEV.EMEA,Dataset,9 October 2024,"The Statistical Annex to the annual Africa's Development Dynamics (AFDD) report is a collection of development indicators that were gathered and analysed while conducting the research that went into the report. These data are also available online for free viewing or download at https://oe.cd/AFDD-2024, a bilingual website which links to the..."
Africa's Development Dynamics (AfDD) Table 28 - International trade costs,https://data-explorer.oecd.org/vis?lc=en&df[ds]=dsDisseminateFinalDMZ&df[id]=DSD_AFDD_STAT_ANNEX@DF_TAB28&df[ag]=OECD.DEV.EMEA,Dataset,9 October 2024,"The Statistical Annex to the annual Africa's Development Dynamics (AFDD) report is a collection of development indicators that were gathered and analysed while conducting the research that went into the report. These data are also available online for free viewing or download at https://oe.cd/AFDD-2024, a bilingual website which links to the..."
Africa's Development Dynamics (AfDD) Table 39 - Projected youth education profiles,https://data-explorer.oecd.org/vis?lc=en&df[ds]=dsDisseminateFinalDMZ&df[id]=DSD_AFDD_STAT_ANNEX@DF_TAB39&df[ag]=OECD.DEV.EMEA,Dataset,9 October 2024,"The Statistical Annex to the annual Africa's Development Dynamics (AFDD) report is a collection of development indicators that were gathered and analysed while conducting the research that went into the report. These data are also available online for free viewing or download at https://oe.cd/AFDD-2024, a bilingual website which links to the..."
Dynamiques du développement en Afrique (DDAf) - toutes les données historiques,https://data-explorer.oecd.org/vis?lc=fr&df[ds]=dsDisseminateFinalDMZ&df[id]=DSD_AFDD_STAT_ANNEX@DF_HISTORIC&df[ag]=OECD.DEV.EMEA,Dataset,9 October 2024,L'Annexe statistique du rapport annuel sur les Dynamiques du développement en Afrique (DDAf) est une collection d'indicateurs de développement qui ont été rassemblés et analysés lors de la conduite des recherches qui ont servi à la rédaction du rapport. Ces statistiques sont collectées auprès de diverses sources internationales réputées et sont...
Dynamiques du développement en Afrique (DDAf) Tableau 08 - Ventilation sectorielle de l'économie,https://data-explorer.oecd.org/vis?lc=fr&df[ds]=dsDisseminateFinalDMZ&df[id]=DSD_AFDD_STAT_ANNEX@DF_TAB08&df[ag]=OECD.DEV.EMEA,Dataset,9 October 2024,L'Annexe statistique du rapport annuel sur les Dynamiques du développement en Afrique (DDAf) est une collection d'indicateurs de développement qui ont été rassemblés et analysés lors de la conduite des recherches qui ont servi à la rédaction du rapport. Ces données sont également disponibles en ligne pour consultation ou téléchargement gratuit à...
Dynamiques du développement en Afrique (DDAf) Tableau 17 - Intensité du commerce dans l'industrie manufacturière,https://data-explorer.oecd.org/vis?lc=fr&df[ds]=dsDisseminateFinalDMZ&df[id]=DSD_AFDD_STAT_ANNEX@DF_TAB17&df[ag]=OECD.DEV.EMEA,Dataset,9 October 2024,L'Annexe statistique du rapport annuel sur les Dynamiques du développement en Afrique (DDAf) est une collection d'indicateurs de développement qui ont été rassemblés et analysés lors de la conduite des recherches qui ont servi à la rédaction du rapport. Ces données sont également disponibles en ligne pour consultation ou téléchargement gratuit à...
Dynamiques du développement en Afrique (DDAf) Tableau 18 - Diversification des exportations,https://data-explorer.oecd.org/vis?lc=fr&df[ds]=dsDisseminateFinalDMZ&df[id]=DSD_AFDD_STAT_ANNEX@DF_TAB18&df[ag]=OECD.DEV.EMEA,Dataset,9 October 2024,L'Annexe statistique du rapport annuel sur les Dynamiques du développement en Afrique (DDAf) est une collection d'indicateurs de développement qui ont été rassemblés et analysés lors de la conduite des recherches qui ont servi à la rédaction du rapport. Ces données sont également disponibles en ligne pour consultation ou téléchargement gratuit à...
Dynamiques du développement en Afrique (DDAf) Tableau 22 - Retours sur investissements directs,https://data-explorer.oecd.org/vis?lc=fr&df[ds]=dsDisseminateFinalDMZ&df[id]=DSD_AFDD_STAT_ANNEX@DF_TAB22&df[ag]=OECD.DEV.EMEA,Dataset,9 October 2024,L'Annexe statistique du rapport annuel sur les Dynamiques du développement en Afrique (DDAf) est une collection d'indicateurs de développement qui ont été rassemblés et analysés lors de la conduite des recherches qui ont servi à la rédaction du rapport. Ces données sont également disponibles en ligne pour consultation ou téléchargement gratuit à...
Dynamiques du développement en Afrique (DDAf) Tableau 28 - Coûts du commerce international,https://data-explorer.oecd.org/vis?lc=fr&df[ds]=dsDisseminateFinalDMZ&df[id]=DSD_AFDD_STAT_ANNEX@DF_TAB28&df[ag]=OECD.DEV.EMEA,Dataset,9 October 2024,L'Annexe statistique du rapport annuel sur les Dynamiques du développement en Afrique (DDAf) est une collection d'indicateurs de développement qui ont été rassemblés et analysés lors de la conduite des recherches qui ont servi à la rédaction du rapport. Ces données sont également disponibles en ligne pour consultation ou téléchargement gratuit à...
Dynamiques du développement en Afrique (DDAf) Tableau 39 - Profils projetés d'éducation des jeunes,https://data-explorer.oecd.org/vis?lc=fr&df[ds]=dsDisseminateFinalDMZ&df[id]=DSD_AFDD_STAT_ANNEX@DF_TAB39&df[ag]=OECD.DEV.EMEA,Dataset,9 October 2024,L'Annexe statistique du rapport annuel sur les Dynamiques du développement en Afrique (DDAf) est une collection d'indicateurs de développement qui ont été rassemblés et analysés lors de la conduite des recherches qui ont servi à la rédaction du rapport. Ces données sont également disponibles en ligne pour consultation ou téléchargement gratuit à...
Africa's Development Dynamics (AfDD) Table 34 - Mean years of education,https://data-explorer.oecd.org/vis?lc=en&df[ds]=dsDisseminateFinalDMZ&df[id]=DSD_AFDD_STAT_ANNEX_RECENT@DF_TAB34&df[ag]=OECD.DEV.EMEA,Dataset,8 October 2024,"The Statistical Annex to the annual Africa's Development Dynamics (AFDD) report is a collection of development indicators that were gathered and analysed while conducting the research that went into the report. These data are also available online for free viewing or download at https://oe.cd/AFDD-2024, a bilingual website which links to the..."
Dynamiques du développement en Afrique (DDAf) Tableau 34 - Nombre moyen d'années de scolarisation,https://data-explorer.oecd.org/vis?lc=fr&df[ds]=dsDisseminateFinalDMZ&df[id]=DSD_AFDD_STAT_ANNEX_RECENT@DF_TAB34&df[ag]=OECD.DEV.EMEA,Dataset,8 October 2024,L'Annexe statistique du rapport annuel sur les Dynamiques du développement en Afrique (DDAf) est une collection d'indicateurs de développement qui ont été rassemblés et analysés lors de la conduite des recherches qui ont servi à la rédaction du rapport. Ces données sont également disponibles en ligne pour consultation ou téléchargement gratuit à...
Africa's Development Dynamics (AfDD) Table 35 - Employment by occupation,https://data-explorer.oecd.org/vis?lc=en&df[ds]=dsDisseminateFinalDMZ&df[id]=DSD_AFDD_STAT_ANNEX_RECENT@DF_TAB35&df[ag]=OECD.DEV.EMEA,Dataset,8 October 2024,"The Statistical Annex to the annual Africa's Development Dynamics (AFDD) report is a collection of development indicators that were gathered and analysed while conducting the research that went into the report. These data are also available online for free viewing or download at https://oe.cd/AFDD-2024, a bilingual website which links to the..."
Dynamiques du développement en Afrique (DDAf) Tableau 35 - Emploi par secteur,https://data-explorer.oecd.org/vis?lc=fr&df[ds]=dsDisseminateFinalDMZ&df[id]=DSD_AFDD_STAT_ANNEX_RECENT@DF_TAB35&df[ag]=OECD.DEV.EMEA,Dataset,8 October 2024,L'Annexe statistique du rapport annuel sur les Dynamiques du développement en Afrique (DDAf) est une collection d'indicateurs de développement qui ont été rassemblés et analysés lors de la conduite des recherches qui ont servi à la rédaction du rapport. Ces données sont également disponibles en ligne pour consultation ou téléchargement gratuit à...
Africa's Development Dynamics (AfDD) Table 31 - Informal economies and informal employment,https://data-explorer.oecd.org/vis?lc=en&df[ds]=dsDisseminateFinalDMZ&df[id]=DSD_AFDD_STAT_ANNEX_RECENT@DF_TAB31&df[ag]=OECD.DEV.EMEA,Dataset,8 October 2024,"The Statistical Annex to the annual Africa's Development Dynamics (AFDD) report is a collection of development indicators that were gathered and analysed while conducting the research that went into the report. These data are also available online for free viewing or download at https://oe.cd/AFDD-2024, a bilingual website which links to the..."
Dynamiques du développement en Afrique (DDAf) Tableau 31 - Économies informelles et emploi informel,https://data-explorer.oecd.org/vis?lc=fr&df[ds]=dsDisseminateFinalDMZ&df[id]=DSD_AFDD_STAT_ANNEX_RECENT@DF_TAB31&df[ag]=OECD.DEV.EMEA,Dataset,8 October 2024,L'Annexe statistique du rapport annuel sur les Dynamiques du développement en Afrique (DDAf) est une collection d'indicateurs de développement qui ont été rassemblés et analysés lors de la conduite des recherches qui ont servi à la rédaction du rapport. Ces données sont également disponibles en ligne pour consultation ou téléchargement gratuit à...
Africa's Development Dynamics (AfDD) Table 24 - Sustainable public investments and adjusted net savings,https://data-explorer.oecd.org/vis?lc=en&df[ds]=dsDisseminateFinalDMZ&df[id]=DSD_AFDD_STAT_ANNEX_RECENT@DF_TAB24&df[ag]=OECD.DEV.EMEA,Dataset,8 October 2024,"The Statistical Annex to the annual Africa's Development Dynamics (AFDD) report is a collection of development indicators that were gathered and analysed while conducting the research that went into the report. These data are also available online for free viewing or download at https://oe.cd/AFDD-2024, a bilingual website which links to the..."
Dynamiques du développement en Afrique (DDAf) Tableau 24 - Investissements publics durables et épargne nette ajustée,https://data-explorer.oecd.org/vis?lc=fr&df[ds]=dsDisseminateFinalDMZ&df[id]=DSD_AFDD_STAT_ANNEX_RECENT@DF_TAB24&df[ag]=OECD.DEV.EMEA,Dataset,8 October 2024,L'Annexe statistique du rapport annuel sur les Dynamiques du développement en Afrique (DDAf) est une collection d'indicateurs de développement qui ont été rassemblés et analysés lors de la conduite des recherches qui ont servi à la rédaction du rapport. Ces données sont également disponibles en ligne pour consultation ou téléchargement gratuit à...
Africa's Development Dynamics (AfDD) Table 14 - Subjective well-being,https://data-explorer.oecd.org/vis?lc=en&df[ds]=dsDisseminateFinalDMZ&df[id]=DSD_AFDD_STAT_ANNEX_RECENT@DF_TAB14&df[ag]=OECD.DEV.EMEA,Dataset,8 October 2024,"The Statistical Annex to the annual Africa's Development Dynamics (AFDD) report is a collection of development indicators that were gathered and analysed while conducting the research that went into the report. These data are also available online for free viewing or download at https://oe.cd/AFDD-2024, a bilingual website which links to the..."
Dynamiques du développement en Afrique (DDAf) Tableau 14 - Bien-être subjectif,https://data-explorer.oecd.org/vis?lc=fr&df[ds]=dsDisseminateFinalDMZ&df[id]=DSD_AFDD_STAT_ANNEX_RECENT@DF_TAB14&df[ag]=OECD.DEV.EMEA,Dataset,8 October 2024,L'Annexe statistique du rapport annuel sur les Dynamiques du développement en Afrique (DDAf) est une collection d'indicateurs de développement qui ont été rassemblés et analysés lors de la conduite des recherches qui ont servi à la rédaction du rapport. Ces données sont également disponibles en ligne pour consultation ou téléchargement gratuit à...
Africa's Development Dynamics (AfDD) Table 12 - Digitalisation,https://data-explorer.oecd.org/vis?lc=en&df[ds]=dsDisseminateFinalDMZ&df[id]=DSD_AFDD_STAT_ANNEX_RECENT@DF_TAB12&df[ag]=OECD.DEV.EMEA,Dataset,8 October 2024,"The Statistical Annex to the annual Africa's Development Dynamics (AFDD) report is a collection of development indicators that were gathered and analysed while conducting the research that went into the report. These data are also available online for free viewing or download at https://oe.cd/AFDD-2024, a bilingual website which links to the..."
Dynamiques du développement en Afrique (DDAf) Tableau 12 - Numérisation,https://data-explorer.oecd.org/vis?lc=fr&df[ds]=dsDisseminateFinalDMZ&df[id]=DSD_AFDD_STAT_ANNEX_RECENT@DF_TAB12&df[ag]=OECD.DEV.EMEA,Dataset,8 October 2024,L'Annexe statistique du rapport annuel sur les Dynamiques du développement en Afrique (DDAf) est une collection d'indicateurs de développement qui ont été rassemblés et analysés lors de la conduite des recherches qui ont servi à la rédaction du rapport. Ces données sont également disponibles en ligne pour consultation ou téléchargement gratuit à...
Africa's Development Dynamics (AfDD) Table 11 - Communications infrastructure,https://data-explorer.oecd.org/vis?lc=en&df[ds]=dsDisseminateFinalDMZ&df[id]=DSD_AFDD_STAT_ANNEX_RECENT@DF_TAB11&df[ag]=OECD.DEV.EMEA,Dataset,8 October 2024,"The Statistical Annex to the annual Africa's Development Dynamics (AFDD) report is a collection of development indicators that were gathered and analysed while conducting the research that went into the report. These data are also available online for free viewing or download at https://oe.cd/AFDD-2024, a bilingual website which links to the..."
Dynamiques du développement en Afrique (DDAf) Tableau 11 - Infrastructure de communications,https://data-explorer.oecd.org/vis?lc=fr&df[ds]=dsDisseminateFinalDMZ&df[id]=DSD_AFDD_STAT_ANNEX_RECENT@DF_TAB11&df[ag]=OECD.DEV.EMEA,Dataset,8 October 2024,L'Annexe statistique du rapport annuel sur les Dynamiques du développement en Afrique (DDAf) est une collection d'indicateurs de développement qui ont été rassemblés et analysés lors de la conduite des recherches qui ont servi à la rédaction du rapport. Ces données sont également disponibles en ligne pour consultation ou téléchargement gratuit à...
Africa's Development Dynamics (AfDD) Table 10 - Gender indicators,https://data-explorer.oecd.org/vis?lc=en&df[ds]=dsDisseminateFinalDMZ&df[id]=DSD_AFDD_STAT_ANNEX_RECENT@DF_TAB10&df[ag]=OECD.DEV.EMEA,Dataset,8 October 2024,"The Statistical Annex to the annual Africa's Development Dynamics (AFDD) report is a collection of development indicators that were gathered and analysed while conducting the research that went into the report. These data are also available online for free viewing or download at https://oe.cd/AFDD-2024, a bilingual website which links to the..."
Dynamiques du développement en Afrique (DDAf) Tableau 10 - Indicateurs de genre,https://data-explorer.oecd.org/vis?lc=fr&df[ds]=dsDisseminateFinalDMZ&df[id]=DSD_AFDD_STAT_ANNEX_RECENT@DF_TAB10&df[ag]=OECD.DEV.EMEA,Dataset,8 October 2024,L'Annexe statistique du rapport annuel sur les Dynamiques du développement en Afrique (DDAf) est une collection d'indicateurs de développement qui ont été rassemblés et analysés lors de la conduite des recherches qui ont servi à la rédaction du rapport. Ces données sont également disponibles en ligne pour consultation ou téléchargement gratuit à...
Africa's Development Dynamics (AfDD) Table 09 - Indicators of inequality and poverty,https://data-explorer.oecd.org/vis?lc=en&df[ds]=dsDisseminateFinalDMZ&df[id]=DSD_AFDD_STAT_ANNEX_RECENT@DF_TAB09&df[ag]=OECD.DEV.EMEA,Dataset,8 October 2024,"The Statistical Annex to the annual Africa's Development Dynamics (AFDD) report is a collection of development indicators that were gathered and analysed while conducting the research that went into the report. These data are also available online for free viewing or download at https://oe.cd/AFDD-2024, a bilingual website which links to the..."
Dynamiques du développement en Afrique (DDAf) Tableau 09 - Indicateurs des inégalités et de la pauvreté,https://data-explorer.oecd.org/vis?lc=fr&df[ds]=dsDisseminateFinalDMZ&df[id]=DSD_AFDD_STAT_ANNEX_RECENT@DF_TAB09&df[ag]=OECD.DEV.EMEA,Dataset,8 October 2024,L'Annexe statistique du rapport annuel sur les Dynamiques du développement en Afrique (DDAf) est une collection d'indicateurs de développement qui ont été rassemblés et analysés lors de la conduite des recherches qui ont servi à la rédaction du rapport. Ces données sont également disponibles en ligne pour consultation ou téléchargement gratuit à...
Africa's Development Dynamics (AfDD) Table 07 - Labour force characteristics,https://data-explorer.oecd.org/vis?lc=en&df[ds]=dsDisseminateFinalDMZ&df[id]=DSD_AFDD_STAT_ANNEX_RECENT@DF_TAB07&df[ag]=OECD.DEV.EMEA,Dataset,8 October 2024,"The Statistical Annex to the annual Africa's Development Dynamics (AFDD) report is a collection of development indicators that were gathered and analysed while conducting the research that went into the report. These data are also available online for free viewing or download at https://oe.cd/AFDD-2024, a bilingual website which links to the..."
Dynamiques du développement en Afrique (DDAf) Tableau 07 - Caractéristiques de la population active,https://data-explorer.oecd.org/vis?lc=fr&df[ds]=dsDisseminateFinalDMZ&df[id]=DSD_AFDD_STAT_ANNEX_RECENT@DF_TAB07&df[ag]=OECD.DEV.EMEA,Dataset,8 October 2024,L'Annexe statistique du rapport annuel sur les Dynamiques du développement en Afrique (DDAf) est une collection d'indicateurs de développement qui ont été rassemblés et analysés lors de la conduite des recherches qui ont servi à la rédaction du rapport. Ces données sont également disponibles en ligne pour consultation ou téléchargement gratuit à...
Africa's Development Dynamics (AfDD) Table 06 - Basic education indicators,https://data-explorer.oecd.org/vis?lc=en&df[ds]=dsDisseminateFinalDMZ&df[id]=DSD_AFDD_STAT_ANNEX_RECENT@DF_TAB06&df[ag]=OECD.DEV.EMEA,Dataset,8 October 2024,"The Statistical Annex to the annual Africa's Development Dynamics (AFDD) report is a collection of development indicators that were gathered and analysed while conducting the research that went into the report. These data are also available online for free viewing or download at https://oe.cd/AFDD-2024, a bilingual website which links to the..."
Dynamiques du développement en Afrique (DDAf) Tableau 06 - Indicateurs d'éducation de base,https://data-explorer.oecd.org/vis?lc=fr&df[ds]=dsDisseminateFinalDMZ&df[id]=DSD_AFDD_STAT_ANNEX_RECENT@DF_TAB06&df[ag]=OECD.DEV.EMEA,Dataset,8 October 2024,L'Annexe statistique du rapport annuel sur les Dynamiques du développement en Afrique (DDAf) est une collection d'indicateurs de développement qui ont été rassemblés et analysés lors de la conduite des recherches qui ont servi à la rédaction du rapport. Ces données sont également disponibles en ligne pour consultation ou téléchargement gratuit à...
"Africa's Development Dynamics (AfDD) Table 01 - Indicators of growth, employment and inequality",https://data-explorer.oecd.org/vis?lc=en&df[ds]=dsDisseminateFinalDMZ&df[id]=DSD_AFDD_STAT_ANNEX_RECENT@DF_TAB01&df[ag]=OECD.DEV.EMEA,Dataset,8 October 2024,"The Statistical Annex to the annual Africa's Development Dynamics (AFDD) report is a collection of development indicators that were gathered and analysed while conducting the research that went into the report. These data are also available online for free viewing or download at https://oe.cd/AFDD-2024, a bilingual website which links to the..."
"Dynamiques du développement en Afrique (DDAf) Tableau 01 - Indicateurs de croissance, d'emploi et d'inégalités",https://data-explorer.oecd.org/vis?lc=fr&df[ds]=dsDisseminateFinalDMZ&df[id]=DSD_AFDD_STAT_ANNEX_RECENT@DF_TAB01&df[ag]=OECD.DEV.EMEA,Dataset,8 October 2024,L'Annexe statistique du rapport annuel sur les Dynamiques du développement en Afrique (DDAf) est une collection d'indicateurs de développement qui ont été rassemblés et analysés lors de la conduite des recherches qui ont servi à la rédaction du rapport. Ces données sont également disponibles en ligne pour consultation ou téléchargement gratuit à...
"Africa's Development Dynamics (AfDD) - all tables, all indicators",https://data-explorer.oecd.org/vis?lc=en&df[ds]=dsDisseminateFinalDMZ&df[id]=DSD_AFDD_STAT_ANNEX_RECENT@DF_TABALL&df[ag]=OECD.DEV.EMEA,Dataset,8 October 2024,The Statistical Annex to the annual Africa's Development Dynamics (AFDD) report is a collection of development indicators that were gathered and analysed while conducting the research that went into the report. These statistics are collected from a variety of reputable international sources and are reported at the national level or for...
"Dynamiques du développement en Afrique (DDAf) - tous les tableaux, tous les indicateurs",https://data-explorer.oecd.org/vis?lc=fr&df[ds]=dsDisseminateFinalDMZ&df[id]=DSD_AFDD_STAT_ANNEX_RECENT@DF_TABALL&df[ag]=OECD.DEV.EMEA,Dataset,8 October 2024,L'Annexe statistique du rapport annuel sur les Dynamiques du développement en Afrique (DDAf) est une collection d'indicateurs de développement qui ont été rassemblés et analysés lors de la conduite des recherches qui ont servi à la rédaction du rapport. Ces statistiques sont collectées auprès de diverses sources internationales réputées et sont...
Country-by-Country Reporting – Compilation of 2024 Peer Review Reports: Mauritania: Inclusive Framework on BEPS: Action 13,https://www.oecd.org/en/publications/country-by-country-reporting-compilation-of-2024-peer-review-reports_f3d3f36f-en/full-report/mauritania_abc8aded.html,Country note,16 September 2024,"Under the Action 13 Minimum Standard, jurisdictions have committed to foster tax transparency by requesting the largest multinational enterprise groups (MNE Groups) to provide the global allocation of their income, taxes and other indicators of the location of economic activity. This unprecedented information on MNE Groups' operations across the..."
"Base de données Égalité des genres, institutions et développement (GID-DB) 2023",https://data-explorer.oecd.org/vis?lc=fr&df[ds]=dsDisseminateFinalDMZ&df[id]=DSD_GID@DF_GID_2023&df[ag]=OECD.DEV.NPG,Dataset,11 September 2024,"La base de données Égalité des genres, institutions et développement (GID-DB) fournit aux décideurs politiques, aux chercheurs et au public des données et statistiques clés portant sur les discriminations de genre dans les institutions sociales. Les données permettent d'analyser les défis liés à l'autonomisation des femmes et l'égalité des genres,..."
"Gender, Institutions and Development Database (GID-DB) 2023",https://data-explorer.oecd.org/vis?lc=en&df[ds]=dsDisseminateFinalDMZ&df[id]=DSD_GID@DF_GID_2023&df[ag]=OECD.DEV.NPG,Dataset,11 September 2024,"The Gender Institutions and Development Database (GID-DB) provides policy makers, researchers and the public in general with key data on gender-based discrimination in social institutions. Data help analyse women's empowerment and understand gender gaps in key areas of development. The GID-DB is produced on a regular basis, alongside the Social..."
Exposition à des précipitations extrêmes,https://data-explorer.oecd.org/vis?lc=fr&df[ds]=dsDisseminateFinalDMZ&df[id]=DSD_ECH@EXT_PREC&df[ag]=OECD.ENV.EPI,Dataset,5 September 2024,"Cet ensemble de données fournit une évaluation globale des changements dans les précipitations moyennes en fournissant l'anomalie des précipitations et une évaluation globale des précipitations extrêmes en utilisant deux indices de précipitations, à savoir les jours de très fortes précipitations et la fréquence des événements de précipitations..."
Exposition à des températures extrêmes,https://data-explorer.oecd.org/vis?lc=fr&df[ds]=dsDisseminateFinalDMZ&df[id]=DSD_ECH@EXT_TEMP&df[ag]=OECD.ENV.EPI,Dataset,5 September 2024,"Cet ensemble de données fournit une évaluation globale des changements de la température moyenne en fournissant l'anomalie de température, les jours avec des températures supérieures à la moyenne et les jours avec des températures inférieures à la moyenne. Les indicateurs d'exposition aux températures extrêmes ont été préparés conjointement par..."
Exposition à la sécheresse,https://data-explorer.oecd.org/vis?lc=fr&df[ds]=dsDisseminateFinalDMZ&df[id]=DSD_ECH@EXT_DROUGHT&df[ag]=OECD.ENV.EPI,Dataset,5 September 2024,Cet ensemble de données fournit des anomalies annuelles dans la teneur en eau du sol et de la couche supérieure des terres cultivées par rapport à la période de référence 1981-2010. Les indicateurs d'exposition à la sécheresse ont été préparés par l'Organisation de coopération et de développement économiques (OCDE). Veuillez consulter le document...
Exposition au feu,https://data-explorer.oecd.org/vis?lc=fr&df[ds]=dsDisseminateFinalDMZ&df[id]=DSD_ECH@FIRE_THREAT&df[ag]=OECD.ENV.EPI,Dataset,5 September 2024,Cet ensemble des données fournit une évaluation globale des zones brûlées et de l'exposition des forêts et des populations au risque d'incendie de forêt. Les indicateurs d'exposition au feu ont été préparés par l'Organisation de coopération et de développement économiques (OCDE). Veuillez consulter le document de travail pour une description plus...
Exposition aux crues,https://data-explorer.oecd.org/vis?lc=fr&df[ds]=dsDisseminateFinalDMZ&df[id]=DSD_ECH@RIV_FLOOD&df[ag]=OECD.ENV.EPI,Dataset,5 September 2024,"Cet ensemble des données fournit une évaluation globale de l'exposition des terres, de la population, des zones bâties et des terres cultivées aux inondations fluviales pour différentes périodes de retour. Les indicateurs d'exposition aux crues ont été préparés par l'Organisation de coopération et de développement économiques (OCDE). Veuillez..."
Exposition aux inondations côtières,https://data-explorer.oecd.org/vis?lc=fr&df[ds]=dsDisseminateFinalDMZ&df[id]=DSD_ECH@COAS_FLOOD&df[ag]=OECD.ENV.EPI,Dataset,5 September 2024,"Cet ensemble des données fournit une évaluation globale de l'exposition des terres, de la population, des zones bâties et des terres cultivées aux inondations côtières pour différentes périodes de retour. Les indicateurs d'exposition aux inondations côtières ont été préparés par l'Organisation de coopération et de développement économiques (OCDE)...."
Exposition aux vents,https://data-explorer.oecd.org/vis?lc=fr&df[ds]=dsDisseminateFinalDMZ&df[id]=DSD_ECH@WIND_THREAT&df[ag]=OECD.ENV.EPI,Dataset,5 September 2024,"Cet ensemble de données fournit une évaluation globale de l'exposition des terres, de la population et des zones bâties aux tempêtes violentes et aux vents cycloniques. Les indicateurs d'exposition aux vents ont été préparés par l'Organisation de coopération et de développement économiques (OCDE). Veuillez consulter le document de travail pour une..."
Exposure to coastal flooding,https://data-explorer.oecd.org/vis?lc=en&df[ds]=dsDisseminateFinalDMZ&df[id]=DSD_ECH@COAS_FLOOD&df[ag]=OECD.ENV.EPI,Dataset,5 September 2024,"The dataset provides a global assessment of land, population, built-up area and cropland exposure to coastal flooding for different return periods. Exposure indicators to coastal flooding have been prepared by the Organisation for Economic Co-operation and Development (OECD). Please see the working paper for a more complete description of the..."
Exposure to drought,https://data-explorer.oecd.org/vis?lc=en&df[ds]=dsDisseminateFinalDMZ&df[id]=DSD_ECH@EXT_DROUGHT&df[ag]=OECD.ENV.EPI,Dataset,5 September 2024,The dataset provides annual anomalies in land and cropland soil moisture content of the top soil layer compared to the reference period 1981-2010. Exposure indicators to drought have been prepared by the Organisation for Economic Co-operation and Development (OECD). Please see the working paper for a more complete description of the methods.The...
Exposure to extreme precipitation,https://data-explorer.oecd.org/vis?lc=en&df[ds]=dsDisseminateFinalDMZ&df[id]=DSD_ECH@EXT_PREC&df[ag]=OECD.ENV.EPI,Dataset,5 September 2024,"The dataset provides a global assessment of changes in average precipitation by providing the precipitation anomaly and provides a global assessment of extreme precipitation through the use of two precipitation indices, i.e. very heavy precipitation days and frequency of extreme precipitation events. Exposure indicators to extreme precipitation..."
Exposure to extreme temperature,https://data-explorer.oecd.org/vis?lc=en&df[ds]=dsDisseminateFinalDMZ&df[id]=DSD_ECH@EXT_TEMP&df[ag]=OECD.ENV.EPI,Dataset,5 September 2024,"The dataset provides a global assessment of changes in average temperature by providing the temperature anomaly, days with above-average temperatures and days with below-average temperatures. Exposure indicators to extreme temperature have been prepared jointly by the Organisation for Economic Co-operation and Development (OECD) and the..."
Exposure to river flooding,https://data-explorer.oecd.org/vis?lc=en&df[ds]=dsDisseminateFinalDMZ&df[id]=DSD_ECH@RIV_FLOOD&df[ag]=OECD.ENV.EPI,Dataset,5 September 2024,"The dataset provides a global assessment of land, population, built-up area and cropland exposure to river flooding for different return periods. Exposure indicators to river flooding have been prepared by the Organisation for Economic Co-operation and Development (OECD). Please see the working paper for a more complete description of the..."
Exposure to wildfire,https://data-explorer.oecd.org/vis?lc=en&df[ds]=dsDisseminateFinalDMZ&df[id]=DSD_ECH@FIRE_THREAT&df[ag]=OECD.ENV.EPI,Dataset,5 September 2024,"The dataset provides a global assessment of burned area, and forest and population exposure to wildfire danger. Exposure indicators to wildfire have been prepared by the Organisation for Economic Co-operation and Development (OECD). Please see the working paper for a more complete description of the methods.The datasets span the period 2000-2022,..."
Exposure to wind threats,https://data-explorer.oecd.org/vis?lc=en&df[ds]=dsDisseminateFinalDMZ&df[id]=DSD_ECH@WIND_THREAT&df[ag]=OECD.ENV.EPI,Dataset,5 September 2024,"The dataset provides a global assessment of land, population and built-up area exposure to violent storms and cyclone wind threats. Exposure indicators to wind threats have been prepared by the Organisation for Economic Co-operation and Development (OECD). Please see the working paper for a more complete description of the methods.The datasets..."
Indice Institutions sociales et égalité des genres (SIGI) 2023,https://data-explorer.oecd.org/vis?lc=fr&df[ds]=dsDisseminateFinalDMZ&df[id]=DSD_SIGI@DF_SIGI_2023&df[ag]=OECD.DEV.NPG,Dataset,26 August 2024,"L'indice Institutions sociales et égalité des genres (SIGI selon son acronyme anglais - Social Institutions and Gender Index) est un indice composite qui mesure les discriminations de genre au sein des institutions sociales. Le SIGI est publié régulièrement et les données des éditions précédentes sont accessibles pour les années suivantes : 2019,..."
Social Institutions and Gender Index (SIGI) 2023,https://data-explorer.oecd.org/vis?lc=en&df[ds]=dsDisseminateFinalDMZ&df[id]=DSD_SIGI@DF_SIGI_2023&df[ag]=OECD.DEV.NPG,Dataset,26 August 2024,"The Social Institutions and Gender Index (SIGI) is a composite index measuring discriminatory social institutions. The SIGI is produced on a regular basis and data from previous editions can be accessed for the following years: 2019, 2014, 2012 and 2009. The SIGI 2023 builds on 25 variables measuring discrimination in social institutions that can..."
Coûts de transport et d'assurance du commerce international de marchandises (ITIC),https://data-explorer.oecd.org/vis?lc=fr&df[ds]=dsDisseminateFinalDMZ&df[id]=DSD_ITIC@DF_ITIC&df[ag]=OECD.SDD.TPS,Dataset,15 July 2024,"Les coûts de transport et d'assurance, généralement désignés sous le nom de marges CAF/FAB, sont des déterminants importants du volume et de la géographie du commerce international. La base de données de l'OCDE ITIC combine l'échantillon le plus important et le plus détaillé par pays partenaire de statistiques nationales officielles sur les marges..."
International transport and insurance costs of merchandise trade (ITIC),https://data-explorer.oecd.org/vis?lc=en&df[ds]=dsDisseminateFinalDMZ&df[id]=DSD_ITIC@DF_ITIC&df[ag]=OECD.SDD.TPS,Dataset,15 July 2024,"Transport and insurance costs, usually referred to as CIF/FOB margins, are important determinants of the volume and geography of international trade. The OECD ITIC dataset combines the largest and most detailed cross-country sample of official national statistics on observed CIF-FOB margins with model estimates, providing information on CIF/FOB..."
Controlled foreign company rules - Corporate tax statistics,https://data-explorer.oecd.org/vis?lc=en&df[ds]=dsDisseminateFinalDMZ&df[id]=DSD_QDD_CFC@DF_QDD_CFC&df[ag]=OECD.CTP.TPS,Dataset,10 July 2024,The 2015 BEPS Action 3 report set out recommended approaches to the development of controlled foreign company (CFC) rules to ensure the taxation of certain categories of MNE income in the jurisdiction of the parent company in order to counter certain offshore structures that result in no or indefinite deferral of taxation. Comprehensive and...
Règles relatives aux sociétés étrangères contrôlées - Statistiques de l'impôt sur les sociétés,https://data-explorer.oecd.org/vis?lc=fr&df[ds]=dsDisseminateFinalDMZ&df[id]=DSD_QDD_CFC@DF_QDD_CFC&df[ag]=OECD.CTP.TPS,Dataset,10 July 2024,"Le rapport BEPS Action 3 de 2015 a recommandé des approches pour l'élaboration de règles relatives aux sociétés étrangères contrôlées (SEC) visant à garantir l'imposition de certaines catégories de revenus des entreprises multinationales dans la juridiction de la société mère, afin de contrer certaines structures offshore qui entraînent un report..."
Interest limitation rules - Corporate tax statistics,https://data-explorer.oecd.org/vis?lc=en&df[ds]=dsDisseminateFinalDMZ&df[id]=DSD_QDD_ILR@DF_QDD_ILR&df[ag]=OECD.CTP.TPS,Dataset,10 July 2024,"The OECD/G20 BEPS project identified the deductibility of interest as an important area of attention. In particular, profit shifting can arise from arrangements using third party debt (e.g., where one entity or jurisdiction bears an excessive proportion of the group's total net third party interest expense) and intragroup debt (e.g., where a group..."
Règles de limitation des intérêts - Statistiques de l'impôt sur les sociétés,https://data-explorer.oecd.org/vis?lc=fr&df[ds]=dsDisseminateFinalDMZ&df[id]=DSD_QDD_ILR@DF_QDD_ILR&df[ag]=OECD.CTP.TPS,Dataset,10 July 2024,"A propos de la base de données Règles de limitation des intérêts (ILR)Le projet BEPS de l'OCDE/G20 a identifié la déductibilité des intérêts comme un domaine d'attention important. En particulier, le transfert de bénéfices peut résulter d'arrangements utilisant des dettes de tiers (par exemple, lorsqu'une entité ou une juridiction supporte une..."
Comptes de flux de matières,https://data-explorer.oecd.org/vis?lc=fr&df[ds]=dsDisseminateFinalDMZ&df[id]=DSD_MATERIAL_RESOURCES@DF_MATERIAL_RESOURCES&df[ag]=OECD.ENV.EPI,Dataset,27 June 2024,"Ces données concernent les ressources matérielles, c.à.d. les matières issues de ressources naturelles qui constituent la base matérielle de l'économie : les métaux (ferreux, non-ferreux), les minéraux non-métalliques (minéraux de construction, minéraux industriels),..."
Material flow accounts,https://data-explorer.oecd.org/vis?lc=en&df[ds]=dsDisseminateFinalDMZ&df[id]=DSD_MATERIAL_RESOURCES@DF_MATERIAL_RESOURCES&df[ag]=OECD.ENV.EPI,Dataset,27 June 2024,"These data refer to material resources, i.e. materials originating from natural resources that form the material basis of the economy: metals (ferrous, non-ferrous) non-metallic minerals (construction minerals, industrial minerals), biomass (wood, food) and fossil energy carriers. Data source(s): U.N. Environment Programme (UNEP)..."
"Mortalité, morbidité et coûts en bien-être imputables à l'exposition aux risques liés à l'environnement",https://data-explorer.oecd.org/vis?lc=fr&df[ds]=dsDisseminateFinalDMZ&df[id]=DSD_EXP_MORSC@DF_EXP_MORSC&df[ag]=OECD.ENV.EPI,Dataset,26 June 2024,"La base de données Mortalité, morbidité et coûts en bien-être imputables à l'exposition aux risques liés à l'environnement fournit des données sur les effets sur la santé et les coûts sociaux de l'exposition à des risques liés à l'environnement. Cet..."
"Mortality, morbidity and welfare cost from exposure to environment-related risks",https://data-explorer.oecd.org/vis?lc=en&df[ds]=dsDisseminateFinalDMZ&df[id]=DSD_EXP_MORSC@DF_EXP_MORSC&df[ag]=OECD.ENV.EPI,Dataset,26 June 2024,"The Mortality and Welfare Costs from Exposure to Environmental Risks database provides data on health impacts and welfare costs from exposure to environmentally-related risks. This dataset integrates data on mortality and Disability-Adjusted Life Years (DALYs) from the Global Burden of Disease Study 2019 (GBD 2019), and quantifies welfare costs..."
Exposition à la pollution de l'air,https://data-explorer.oecd.org/vis?lc=fr&df[ds]=dsDisseminateFinalDMZ&df[id]=DSD_AIR_POL@DF_AIR_POLL&df[ag]=OECD.ENV.EPI,Dataset,19 June 2024,"L'ensemble de données sur l'exposition à la pollution de l'air est une évaluation mondiale des données sur la pollution de l'air visant à surveiller l'exposition de la population à trois polluants de l'air clés, à savoir les particules fines (PM2.5), l'ozone (O3) et le dioxyde d'azote (NO2). En utilisant des données géospatiales à haute résolution..."
Exposure to air pollution,https://data-explorer.oecd.org/vis?lc=en&df[ds]=dsDisseminateFinalDMZ&df[id]=DSD_AIR_POL@DF_AIR_POLL&df[ag]=OECD.ENV.EPI,Dataset,19 June 2024,"The exposure to air pollution dataset is a global assessment of air pollution data to monitor population exposure to three key air pollutants, i.e. fine particulate matter (PM2.5), ozone (O3) and nitrogen dioxide (NO2). By using geospatial data with high spatio-temporal resolution, it develops a set of internationally comparable and yearly..."
Brevets - Collaborations bilatérales dans le développement technologique,https://data-explorer.oecd.org/vis?lc=fr&df[ds]=dsDisseminateFinalDMZ&df[id]=DSD_PAT_COL@DF_PAT_COL&df[ag]=OECD.ENV.EPI,Dataset,20 December 2023,Les statistiques et les indicateurs relatifs aux brevets sont adaptés au suivi de l'innovation dans les technologies liées à l'environnement. Ils permettent d'évaluer les performances des pays en matière d'innovation et de concevoir les politiques environnementales et d'innovation des...
Patents - international bilateral collaboration in technology development,https://data-explorer.oecd.org/vis?lc=en&df[ds]=dsDisseminateFinalDMZ&df[id]=DSD_PAT_COL@DF_PAT_COL&df[ag]=OECD.ENV.EPI,Dataset,20 December 2023,Patent statistics and indicators are suitable for tracking innovation in environment-related technologies. They allow the assessment of countries' innovation performance as well as the design of governments' environmental and innovation policies. This dataset presents data on bilateral collaborations in environment-related...
Brevets - développement technologique,https://data-explorer.oecd.org/vis?lc=fr&df[ds]=dsDisseminateFinalDMZ&df[id]=DSD_PAT_DEV@DF_PAT_DEV&df[ag]=OECD.ENV.EPI,Dataset,20 December 2023,Les statistiques et les indicateurs relatifs aux brevets sont adaptés au suivi de l'innovation dans les technologies liées à l'environnement. Ils permettent d'évaluer les performances des pays en matière d'innovation et de concevoir les politiques environnementales et d'innovation des...
Patents - technology development,https://data-explorer.oecd.org/vis?lc=en&df[ds]=dsDisseminateFinalDMZ&df[id]=DSD_PAT_DEV@DF_PAT_DEV&df[ag]=OECD.ENV.EPI,Dataset,20 December 2023,"Patent statistics and indicators are suitable for tracking innovation in environment-related technologies. They allow the assessment of countries' innovation performance as well as the design of governments' environmental and innovation policies. This dataset presents data on inventions in environment-related technologies, using..."
>>>>>>> 300e0533f2df49563df792789a0c50410af930d2
